date,fii_net,dii_net
2015-01-01,18.2,19.56
2015-01-04,209.87,197.25
2015-01-06,113.47,49.34
2015-01-07,75.03,52.12
2015-01-09,-675.32,681.93
2015-01-10,48.6,152.18
2015-01-12,-106.78,194.75
2015-01-13,235.09,46.06
2015-01-14,-69.74,-223.98
2015-01-15,1738.24,-527.27
2015-01-16,1099.93,-716.91
2015-01-19,433.72,-237.71
2015-01-20,1275.59,-761.6
2015-01-22,592.79,-578.53
2015-01-23,2019.98,-1299.96
2015-01-27,953.51,-783.34
2015-01-28,1723.17,-1292.7
2015-01-29,1723.77,-1680.09
2015-01-30,-771.55,-37.6
2015-02-01,259.82,69.78
2015-02-02,-629.97,-224.07
2015-02-03,424.79,180.35
2015-02-06,-594.14,271.64
2015-02-07,575.32,-219.02
2015-02-09,-1573.42,880.27
2015-02-11,-272.67,145.38
2015-02-12,60.61,-78.31
2015-02-13,390.26,95.82
2015-02-16,-182.8,280.77
2015-02-18,2187.96,327.87
2015-02-19,1542.7,-195.74
2015-02-20,-89.41,204.85
2015-02-23,601.91,-163.79
2015-02-24,697.28,-146.98
2015-02-25,516.06,19.7
2015-02-26,2312.15,340.79
2015-02-27,1957.1,-491.93
2015-02-28,614.03,-740.74
2015-03-02,-264.35,-137.31
2015-03-03,772.92,-303.88
2015-03-06,-727.61,412.66
2015-03-07,356.29,-220.61
2015-03-08,350.41,-33.36
2015-03-09,-394.31,840.35
2015-03-11,-449.84,350.31
2015-03-12,-611.43,521.11
2015-03-13,66.98,-71.55
2015-03-16,-762.55,158.65
2015-03-17,265.52,-243.69
2015-03-18,-457.43,-882.99
2015-03-19,1428.72,53.46
2015-03-20,354.59,-219.2
2015-03-23,417.41,403.91
2015-03-24,737.86,-631.67
2015-03-25,813.19,96.52
2015-03-26,-521.23,687.09
2015-03-27,-320.52,674.76
2015-03-30,-240.34,651.67
2015-03-31,356.07,283.71
2015-04-02,-83.8,-72.35
2015-04-03,2786.24,16.89
2015-04-05,60.53,146.8
2015-04-06,511.9,772.04
2015-04-08,118.7,-112.55
2015-04-09,-1287.12,1128.7
2015-04-11,33.16,-74.9
2015-04-12,-1745.73,1069.01
2015-04-13,417.01,46.42
2015-04-15,108.0,-60.18
2015-04-16,-214.36,432.27
2015-04-17,-675.71,72.52
2015-04-20,-1506.86,962.5
2015-04-21,17488.73,1364.83
2015-04-22,-910.15,217.98
2015-04-23,-276.83,559.6
2015-04-24,-775.46,896.33
2015-04-27,-1749.33,1667.54
2015-04-28,-1532.84,1537.08
2015-04-29,-718.31,912.46
2015-04-30,-3157.61,2460.8
2015-05-01,472.0,-575.74
2015-05-02,-27.43,325.61
2015-05-03,79.84,-193.54
2015-05-05,-756.52,979.19
2015-05-06,-550.29,879.5
2015-05-10,649.9,365.77
2015-05-11,-991.87,636.15
2015-05-13,-71.2,254.0
2015-05-14,-73.76,302.57
2015-05-15,-38.31,563.6
2015-05-18,-202.12,618.54
2015-05-19,48.06,451.02
2015-05-20,123.49,103.58
2015-05-21,-186.26,404.01
2015-05-22,211.42,237.62
2015-05-25,74.14,0.17
2015-05-26,114.81,123.85
2015-05-27,-934.98,594.03
2015-05-28,-792.54,683.29
2015-05-29,2284.3,-2267.88
2015-06-01,-1570.76,1189.65
2015-06-02,-96.45,115.49
2015-06-04,936.81,-170.03
2015-06-05,-1699.6,1454.97
2015-06-07,149.37,-409.66
2015-06-08,108.93,-111.78
2015-06-10,480.24,-424.6
2015-06-11,219.17,-39.45
2015-06-15,-604.86,650.47
2015-06-16,-521.65,644.81
2015-06-17,-940.91,1447.07
2015-06-18,-784.73,1110.01
2015-06-19,-106.12,447.55
2015-06-22,651.31,-94.03
2015-06-23,-374.97,404.2
2015-06-24,92.57,13.52
2015-06-25,280.21,-8.45
2015-06-26,-203.74,234.21
2015-06-29,-711.88,906.38
2015-06-30,-551.38,580.59
2015-07-01,-1073.18,601.4
2015-07-04,143.98,-326.06
2015-07-05,-1360.69,1158.02
2015-07-07,23.54,-94.71
2015-07-08,-93.74,34.08
2015-07-09,-826.92,504.11
2015-07-10,-50.6,-218.75
2015-07-12,-65.04,-54.9
2015-07-13,527.98,-171.55
2015-07-14,269.9,-130.9
2015-07-15,407.69,-50.38
2015-07-16,745.81,-98.51
2015-07-17,605.56,-175.15
2015-07-20,714.4,-848.76
2015-07-21,-226.88,146.32
2015-07-22,450.32,-351.77
2015-07-23,185.42,-276.69
2015-07-24,6.62,196.38
2015-07-27,-859.94,238.66
2015-07-29,-186.24,642.69
2015-07-30,-170.68,499.65
2015-07-31,-277.77,1021.34
2015-08-01,-466.78,288.88
2015-08-04,-479.18,382.54
2015-08-05,-437.56,1114.38
2015-08-06,-749.12,529.82
2015-08-07,-354.32,-346.71
2015-08-09,-659.67,447.41
2015-08-10,-48.89,-299.75
2015-08-12,-518.46,590.32
2015-08-13,-625.9,545.86
2015-08-14,403.76,179.2
2015-08-17,142.34,183.72
2015-08-18,-255.42,127.5
2015-08-19,-423.72,383.32
2015-08-20,-1007.26,567.87
2015-08-21,-2340.6,1524.1
2015-08-24,-5275.4,4097.83
2015-08-25,-2080.01,1963.09
2015-08-26,-2345.77,1881.08
2015-08-27,-3347.35,2577.06
2015-08-28,56.41,847.43
2015-08-31,-551.19,478.59
2015-09-01,-297.99,299.53
2015-09-02,-660.3,469.55
2015-09-03,838.3,-35.31
2015-09-04,193.81,492.79
2015-09-06,-645.02,692.29
2015-09-07,-254.1,79.08
2015-09-09,-452.13,1194.58
2015-09-10,483.86,-369.0
2015-09-11,-861.06,621.18
2015-09-12,-527.41,864.71
2015-09-14,58.75,183.9
2015-09-15,-910.85,480.5
2015-09-16,-337.27,423.81
2015-09-18,643.51,415.09
2015-09-21,154.87,104.08
2015-09-22,-1052.24,378.26
2015-09-23,-1330.12,891.36
2015-09-24,-115.1,50.67
2015-09-28,-650.01,505.59
2015-09-29,-1112.59,876.2
2015-09-30,116.08,-191.78
2015-10-02,-1261.19,851.32
2015-10-03,-748.13,290.48
2015-10-04,362.79,-135.18
2015-10-06,-482.11,788.06
2015-10-07,-465.27,590.49
2015-10-08,-14.43,-50.05
2015-10-09,-121.19,66.6
2015-10-11,-661.95,658.33
2015-10-12,-580.28,410.92
2015-10-13,272.61,-273.51
2015-10-14,121.75,-207.63
2015-10-16,436.79,102.49
2015-10-19,898.23,-246.26
2015-10-20,523.69,-354.96
2015-10-21,-48.33,-138.73
2015-10-23,229.18,-155.89
2015-10-26,724.51,-530.78
2015-10-27,9.5,-165.45
2015-10-28,-731.17,160.17
2015-10-29,174.12,-299.2
2015-10-30,-1464.89,1560.11
2015-11-02,-371.27,147.49
2015-11-03,-444.65,-338.96
2015-11-05,169.97,328.57
2015-11-06,-622.89,589.29
2015-11-08,-736.81,130.74
2015-11-09,-754.27,411.43
2015-11-11,-11.93,10.52
2015-11-12,253.73,292.88
2015-11-13,-746.7,70.89
2015-11-16,-1051.26,661.71
2015-11-17,-492.45,783.02
2015-11-18,-768.46,759.26
2015-11-19,-343.18,233.82
2015-11-20,-94.09,610.16
2015-11-23,-35.37,90.28
2015-11-24,-540.12,532.13
2015-11-26,-398.1,948.98
2015-11-27,-519.25,900.48
2015-11-30,-1043.84,601.73
2015-12-01,244.95,-331.18
2015-12-02,-406.28,705.53
2015-12-03,733.09,-381.94
2015-12-05,-1329.43,1331.93
2015-12-06,-670.96,705.58
2015-12-08,-1855.02,1223.8
2015-12-10,317.56,-175.07
2015-12-14,-157.07,386.47
2015-12-15,48.67,273.93
2015-12-16,-503.22,1024.03
2015-12-17,638.01,-366.23
2015-12-18,-6.99,-404.98
2015-12-21,37.37,62.7
2015-12-22,168.73,238.36
2015-12-23,385.82,632.64
2015-12-24,-112.03,8.05
2015-12-28,-302.62,987.82
2015-12-29,8.49,6.44
2015-12-30,152.2,-74.41
2015-12-31,1123.41,-257.67
2016-01-01,228.11,-81.24
2016-01-02,253.88,-535.7
2016-01-03,2912.59,-834.59
2016-01-04,214.01,-519.91
2016-01-06,259.9,-160.49
2016-01-07,-187.51,907.05
2016-01-08,726.22,-413.77
2016-01-09,-301.51,308.16
2016-01-11,-123.96,192.1
2016-01-12,-402.62,237.81
2016-01-13,-75.9,618.79
2016-01-14,-1221.97,1526.22
2016-01-15,-1123.79,688.84
2016-01-18,-1203.84,1122.8
2016-01-19,-857.7,1386.83
2016-01-20,-1324.69,1383.14
2016-01-21,-1747.23,1267.74
2016-01-22,-769.83,915.6
2016-01-25,-91.15,307.89
2016-01-27,-366.93,499.99
2016-01-28,-961.82,394.22
2016-01-29,571.7,240.02
2016-02-02,-113.98,-323.23
2016-02-03,1437.5,-593.67
2016-02-05,434.93,-109.56
2016-02-06,521.85,-576.86
2016-02-08,536.27,-383.23
2016-02-09,231.19,134.88
2016-02-11,-667.37,407.27
2016-02-12,-190.52,-418.58
2016-02-15,-1311.59,1987.45
2016-02-16,-964.19,590.73
2016-02-17,-560.0,384.53
2016-02-18,418.64,712.12
2016-02-19,-191.73,16.53
2016-02-22,-656.93,597.87
2016-02-23,-289.66,257.93
2016-02-24,-730.99,605.88
2016-02-25,-1465.68,806.97
2016-02-26,-695.37,784.14
2016-02-29,-2018.02,1445.25
2016-03-02,-357.13,-144.78
2016-03-03,911.98,-464.75
2016-03-05,-755.28,484.64
2016-03-06,1585.01,-393.21
2016-03-08,578.17,-800.75
2016-03-10,34.22,198.02
2016-03-11,-706.77,534.98
2016-03-14,1035.63,-805.34
2016-03-15,-54.01,-302.31
2016-03-16,625.58,-680.16
2016-03-17,744.49,-168.38
2016-03-18,1712.62,-403.37
2016-03-21,1396.33,-618.77
2016-03-22,1095.44,-930.37
2016-03-23,976.91,-1022.58
2016-03-28,2042.94,-2494.44
2016-03-29,513.45,-556.69
2016-03-30,1442.47,-396.9
2016-03-31,4056.62,-2890.57
2016-04-01,-667.15,-222.79
2016-04-02,-195.92,476.44
2016-04-03,671.57,-533.1
2016-04-04,236.82,-333.74
2016-04-05,-66.45,-78.8
2016-04-07,182.28,377.45
2016-04-08,559.49,-527.11
2016-04-10,344.13,-172.23
2016-04-11,-343.3,1089.86
2016-04-13,644.27,269.89
2016-04-18,977.98,-313.22
2016-04-20,-80.1,-300.09
2016-04-21,805.42,65.72
2016-04-22,191.07,-168.64
2016-04-25,222.34,-747.95
2016-04-26,512.22,21.21
2016-04-27,411.0,-295.07
2016-04-28,120.63,-416.21
2016-04-29,-205.3,28.13
2016-05-01,-352.42,13.19
2016-05-02,-606.83,760.02
2016-05-04,-800.79,55.85
2016-05-05,-388.51,251.79
2016-05-07,265.63,-447.48
2016-05-08,435.63,616.32
2016-05-10,243.0,-349.86
2016-05-12,-317.85,163.64
2016-05-13,1493.88,667.03
2016-05-16,-79.84,-127.91
2016-05-18,-250.7,239.91
2016-05-19,-764.58,1483.65
2016-05-20,-743.86,597.49
2016-05-23,-65.6,-167.77
2016-05-24,-815.53,989.95
2016-05-25,495.08,337.22
2016-05-26,581.29,685.37
2016-05-27,479.89,69.34
2016-05-30,355.54,-211.09
2016-05-31,-114.52,60.28
2016-06-01,-242.48,576.57
2016-06-04,-493.56,258.68
2016-06-05,27.71,179.8
2016-06-06,28.3,-230.63
2016-06-09,1438.72,-268.21
2016-06-10,353.8,-124.45
2016-06-12,161.8,-164.68
2016-06-13,212.24,-597.83
2016-06-14,-113.36,-32.27
2016-06-15,-108.23,234.1
2016-06-16,-156.75,-163.0
2016-06-17,31.96,-26.21
2016-06-20,-537.46,724.06
2016-06-21,484.66,-335.53
2016-06-22,-41.1,361.34
2016-06-23,81.87,203.56
2016-06-24,-629.14,114.94
2016-06-27,-146.11,-147.07
2016-06-28,-190.43,-242.71
2016-06-29,102.91,-20.19
2016-06-30,1107.42,-190.76
2016-07-01,-1051.74,190.86
2016-07-06,499.73,46.33
2016-07-07,-299.51,-159.98
2016-07-09,854.06,-768.55
2016-07-10,56.25,726.8
2016-07-11,311.18,779.86
2016-07-12,193.66,-56.28
2016-07-13,290.53,-654.73
2016-07-14,869.84,-874.15
2016-07-15,1461.26,-1033.97
2016-07-18,599.09,-439.09
2016-07-19,548.9,-377.43
2016-07-20,215.21,-45.45
2016-07-21,420.22,-372.4
2016-07-22,437.78,-365.67
2016-07-25,891.01,-67.89
2016-07-26,670.89,-418.29
2016-07-27,404.69,-152.47
2016-07-28,1767.06,-1074.47
2016-07-29,-14.02,148.34
2016-08-01,-1236.95,1003.99
2016-08-02,-84.56,279.49
2016-08-03,775.07,-1341.51
2016-08-04,180.27,-159.01
2016-08-06,529.16,-257.76
2016-08-07,330.62,-512.67
2016-08-08,1156.19,-876.34
2016-08-09,111.41,-587.43
2016-08-11,86.66,294.06
2016-08-12,698.86,64.32
2016-08-16,684.73,-108.98
2016-08-17,0.05,-89.37
2016-08-18,162.17,-14.42
2016-08-19,409.94,106.19
2016-08-22,-300.5,52.5
2016-08-23,-0.19,-451.87
2016-08-24,-39.28,129.18
2016-08-25,-372.08,-357.02
2016-08-26,341.35,-266.43
2016-08-29,286.52,17.49
2016-08-30,390.63,485.14
2016-08-31,854.19,847.7
2016-09-02,-680.7,-174.14
2016-09-03,462.86,-823.56
2016-09-05,224.4,350.6
2016-09-06,234.2,-317.74
2016-09-08,144.15,-610.15
2016-09-09,-315.24,-328.26
2016-09-11,-2095.0,1116.31
2016-09-12,200.52,289.57
2016-09-14,-477.33,-8.53
2016-09-15,345.42,-456.91
2016-09-16,660.59,-213.13
2016-09-19,205.38,-252.28
2016-09-20,-1146.93,777.52
2016-09-21,183.85,-230.59
2016-09-22,336.87,310.35
2016-09-23,-299.98,496.14
2016-09-26,-206.4,-113.35
2016-09-27,-155.76,90.67
2016-09-28,73.83,-69.53
2016-09-29,3413.37,1630.88
2016-09-30,-1028.31,1560.29
2016-10-02,-751.33,196.92
2016-10-03,1063.11,-598.03
2016-10-05,328.59,68.2
2016-10-06,201.32,-165.62
2016-10-08,412.56,-747.27
2016-10-10,-547.26,468.96
2016-10-11,-733.49,639.19
2016-10-13,-911.53,679.49
2016-10-14,-946.42,556.9
2016-10-17,-456.64,235.57
2016-10-18,345.04,173.36
2016-10-19,-282.77,724.64
2016-10-20,7.3,583.22
2016-10-21,-272.91,500.37
2016-10-24,-325.13,333.26
2016-10-25,-606.34,389.11
2016-10-26,-1450.65,989.46
2016-10-27,-469.93,856.5
2016-10-28,-777.58,1124.08
2016-10-30,-106.77,13.15
2016-11-01,-1319.24,900.99
2016-11-02,-1112.66,1222.12
2016-11-03,378.36,-432.81
2016-11-05,-362.19,729.59
2016-11-07,1055.8,-610.57
2016-11-08,608.35,-621.65
2016-11-11,-1493.27,64.72
2016-11-15,-2353.82,-104.83
2016-11-16,-1957.04,2344.31
2016-11-17,-983.93,1144.15
2016-11-18,-926.32,1143.44
2016-11-21,-1310.82,1211.01
2016-11-22,-692.85,1075.2
2016-11-23,-1023.12,1254.67
2016-11-24,-2010.15,1648.22
2016-11-25,-372.88,997.84
2016-11-28,-1436.4,1233.79
2016-11-29,-715.3,534.2
2016-11-30,-434.42,676.68
2016-12-01,-540.99,141.25
2016-12-02,-398.37,545.07
2016-12-05,24.14,258.35
2016-12-07,212.92,119.27
2016-12-08,1203.71,-392.47
2016-12-09,-593.61,-12.9
2016-12-12,-94.45,-266.2
2016-12-13,-2181.03,178.92
2016-12-14,-632.29,210.86
2016-12-15,-611.97,-177.48
2016-12-16,-90.36,30.48
2016-12-19,-535.77,556.36
2016-12-20,-685.93,418.93
2016-12-21,-1178.08,1057.96
2016-12-22,-614.4,319.79
2016-12-23,-1462.65,1614.94
2016-12-26,-1095.04,1065.39
2016-12-27,-712.17,1502.41
2016-12-28,-527.06,824.84
2016-12-29,-662.29,957.83
2016-12-30,-585.64,725.26
2017-01-02,92.73,1133.74
2017-01-03,-198.27,254.21
2017-01-06,-517.31,171.65
2017-01-08,-945.83,1390.65
2017-01-09,-832.81,731.72
2017-01-11,1038.31,-667.91
2017-01-12,306.11,176.19
2017-01-13,-117.59,-473.5
2017-01-16,-347.25,203.45
2017-01-17,142.21,-607.23
2017-01-19,-132.26,379.63
2017-01-20,-26.34,-175.48
2017-01-23,-288.8,519.99
2017-01-24,93.95,533.49
2017-01-25,1378.81,383.03
2017-01-27,211.77,482.52
2017-01-30,607.36,40.04
2017-01-31,-532.88,237.37
2017-02-01,-260.64,20.66
2017-02-02,108.59,-110.89
2017-02-03,122.94,-83.21
2017-02-05,-611.82,541.39
2017-02-06,-59.13,222.29
2017-02-08,473.72,-232.95
2017-02-11,1032.88,-456.51
2017-02-13,306.74,-171.7
2017-02-14,-6.45,-3.2
2017-02-15,225.84,248.98
2017-02-16,-215.69,846.11
2017-02-17,8043.14,-5631.99
2017-02-20,-433.38,827.9
2017-02-21,-1435.76,1535.44
2017-02-22,-259.21,917.97
2017-02-23,392.33,-445.04
2017-02-27,-145.55,263.79
2017-02-28,1146.23,268.34
2017-03-01,-500.49,562.27
2017-03-02,353.84,-42.53
2017-03-03,1529.48,-737.0
2017-03-04,534.45,33.29
2017-03-05,-517.74,112.36
2017-03-07,-804.67,954.34
2017-03-08,24.07,-389.34
2017-03-10,-693.03,1552.41
2017-03-11,-9690.84,33.4
2017-03-14,4087.89,-1519.94
2017-03-15,1141.13,126.75
2017-03-16,1360.1,-88.17
2017-03-17,1532.39,-711.5
2017-03-20,56.67,-536.21
2017-03-21,1662.72,-798.57
2017-03-22,356.64,-779.91
2017-03-23,1094.44,-590.78
2017-03-24,543.35,116.5
2017-03-27,577.88,-594.48
2017-03-28,6415.38,356.23
2017-03-29,460.98,1283.03
2017-03-30,67.97,1701.79
2017-03-31,-295.92,1499.41
2017-04-01,-800.71,427.09
2017-04-05,-601.12,926.1
2017-04-07,-834.36,295.88
2017-04-08,-853.8,1017.1
2017-04-09,-873.91,-49.1
2017-04-10,-632.14,584.88
2017-04-12,-333.59,776.18
2017-04-13,-407.88,65.43
2017-04-17,-250.54,-52.38
2017-04-18,-930.67,878.08
2017-04-19,-673.38,525.52
2017-04-20,-168.84,8.82
2017-04-21,-978.34,1132.39
2017-04-24,-279.55,984.17
2017-04-25,178.82,998.26
2017-04-26,-492.52,1011.38
2017-04-27,-181.71,233.31
2017-04-28,-1150.43,1684.44
2017-05-01,-86.88,449.07
2017-05-04,340.13,-194.05
2017-05-05,-363.98,298.11
2017-05-06,476.64,13.62
2017-05-07,227.57,75.36
2017-05-09,-379.16,474.36
2017-05-10,-656.5,519.03
2017-05-12,-1470.56,1074.39
2017-05-15,235.33,-65.77
2017-05-16,858.29,-401.89
2017-05-17,-731.39,614.51
2017-05-18,-360.59,897.96
2017-05-19,-988.7,349.21
2017-05-22,-321.27,1262.64
2017-05-23,-400.53,352.54
2017-05-24,81.88,197.31
2017-05-25,589.11,-236.44
2017-05-26,-274.14,1008.56
2017-05-29,-709.97,290.53
2017-05-30,-217.1,366.97
2017-05-31,1048.93,-939.54
2017-06-01,-255.21,165.29
2017-06-02,-403.52,449.52
2017-06-03,564.15,-481.96
2017-06-04,142.68,-205.64
2017-06-06,61.16,-360.01
2017-06-07,-15.29,315.95
2017-06-09,-1353.02,51.57
2017-06-10,-1040.4,1239.74
2017-06-11,576.27,-263.84
2017-06-12,-1217.92,995.11
2017-06-13,-312.4,304.58
2017-06-14,-161.13,71.65
2017-06-15,-645.35,854.85
2017-06-16,-764.48,890.91
2017-06-19,-250.39,529.9
2017-06-20,-312.84,477.13
2017-06-21,-152.82,-41.39
2017-06-22,192.68,455.21
2017-06-23,269.95,-45.78
2017-06-28,-469.09,168.97
2017-06-29,-1140.77,600.23
2017-06-30,-160.48,1195.71
2017-07-02,201.13,1620.03
2017-07-03,920.46,-1073.75
2017-07-04,-262.37,414.94
2017-07-06,73.79,166.22
2017-07-07,-522.08,720.08
2017-07-08,-199.21,308.15
2017-07-09,-564.0,245.32
2017-07-11,461.47,-2046.07
2017-07-12,-1075.62,926.68
2017-07-13,-59.15,279.13
2017-07-14,673.56,-136.27
2017-07-17,328.61,-447.14
2017-07-18,317.44,-975.01
2017-07-19,1046.65,-12.48
2017-07-20,154.91,0.08
2017-07-21,12.9,147.66
2017-07-24,-366.84,668.87
2017-07-25,270.77,-209.5
2017-07-26,-60.6,676.61
2017-07-27,1869.92,-660.03
2017-07-28,-223.12,424.67
2017-07-31,-1196.94,1768.43
2017-08-02,-127.69,-166.82
2017-08-03,3573.04,-1735.12
2017-08-05,-542.47,663.33
2017-08-06,90.78,738.78
2017-08-08,1539.82,798.55
2017-08-09,-256.42,487.97
2017-08-11,-3838.27,3038.16
2017-08-12,-675.16,1243.0
2017-08-14,-1638.83,1619.17
2017-08-16,-1090.1,1336.91
2017-08-17,-981.05,828.59
2017-08-18,-2182.12,584.59
2017-08-21,-1983.39,474.72
2017-08-22,-828.69,435.05
2017-08-23,-1157.52,929.84
2017-08-24,-696.93,1044.38
2017-08-28,-124.74,476.26
2017-08-29,-1459.64,1391.33
2017-08-30,-12.46,290.78
2017-08-31,77.58,509.71
2017-09-01,-325.1,96.82
2017-09-02,356.63,-379.63
2017-09-03,487.61,10.98
2017-09-05,332.87,16.92
2017-09-06,-100.99,324.7
2017-09-08,-841.44,553.17
2017-09-10,-475.11,55.42
2017-09-11,-713.75,231.25
2017-09-13,-826.77,725.9
2017-09-14,-1334.23,793.31
2017-09-15,418.86,125.55
2017-09-18,-96.92,775.61
2017-09-19,-1719.62,-77.68
2017-09-20,-1185.44,946.23
2017-09-21,-1204.95,1416.55
2017-09-22,-1241.73,521.17
2017-09-25,-1249.45,1009.98
2017-09-26,-1915.54,1537.1
2017-09-27,-856.28,1858.29
2017-09-28,-5328.46,5196.6
2017-09-29,-1546.86,2064.63
2017-10-01,-21.2,253.36
2017-10-02,504.51,-224.76
2017-10-03,412.14,-13.91
2017-10-04,-716.19,201.69
2017-10-05,893.36,-229.73
2017-10-07,102.27,894.57
2017-10-08,-1171.21,821.72
2017-10-10,-504.82,402.15
2017-10-11,-529.22,1920.87
2017-10-13,-1698.5,1590.13
2017-10-16,-29.92,272.69
2017-10-17,-484.92,809.03
2017-10-18,-1251.16,904.27
2017-10-19,-43.74,40.78
2017-10-23,-81.51,307.84
2017-10-24,-1306.76,592.28
2017-10-25,3582.5,-155.71
2017-10-26,-375.63,-523.54
2017-10-27,-640.95,56.57
2017-10-30,-186.04,139.68
2017-10-31,-531.82,596.92
2017-11-01,-627.3,1116.15
2017-11-04,-750.52,826.66
2017-11-05,1306.71,-1037.18
2017-11-07,182.05,335.75
2017-11-08,-1943.86,2016.84
2017-11-09,-392.52,877.37
2017-11-10,-107.95,233.8
2017-11-12,-185.6,108.94
2017-11-13,-233.56,-268.77
2017-11-14,2576.98,-1.3
2017-11-15,-381.42,869.09
2017-11-16,-447.42,847.45
2017-11-17,1276.62,1466.94
2017-11-20,-358.74,613.0
2017-11-21,-727.01,825.5
2017-11-22,-441.46,837.22
2017-11-23,73.22,222.21
2017-11-24,-416.28,427.63
2017-11-27,-424.77,69.4
2017-11-28,12.24,-428.15
2017-11-29,-859.27,771.07
2017-11-30,-1500.76,1202.57
2017-12-01,-12.77,-110.08
2017-12-04,-580.7,701.12
2017-12-05,841.8,-710.83
2017-12-06,-169.25,-63.11
2017-12-07,361.25,-330.58
2017-12-09,-1230.74,1313.08
2017-12-10,-668.13,872.54
2017-12-12,843.2,-853.67
2017-12-13,-578.65,-116.48
2017-12-14,232.17,-374.21
2017-12-15,-921.03,635.44
2017-12-18,-431.77,1076.81
2017-12-19,-407.83,357.4
2017-12-20,-1505.04,146.17
2017-12-21,-383.99,1574.3
2017-12-22,107.87,371.53
2017-12-26,-44.07,544.5
2017-12-27,172.32,-206.68
2017-12-28,562.55,-774.09
2017-12-29,595.04,461.37
2018-01-01,325.91,-1300.31
2018-01-02,1099.78,-358.5
2018-01-03,241.85,-3.29
2018-01-06,-202.8,337.97
2018-01-08,-95.94,-562.33
2018-01-10,-1841.63,1804.94
2018-01-15,32.92,-173.28
2018-01-16,693.17,-246.38
2018-01-17,625.13,168.61
2018-01-18,1894.99,-657.46
2018-01-19,988.25,209.86
2018-01-22,1567.51,-461.87
2018-01-23,1229.35,169.03
2018-01-24,776.42,-193.87
2018-01-25,937.31,-965.67
2018-01-29,291.86,90.08
2018-01-30,-105.56,-281.65
2018-01-31,-136.63,1294.66
2018-02-01,522.74,64.7
2018-02-02,950.0,-508.78
2018-02-04,-689.75,413.16
2018-02-05,-525.93,165.84
2018-02-08,-639.87,-340.3
2018-02-11,-196.9,852.99
2018-02-14,-728.71,-152.39
2018-02-15,-240.29,49.92
2018-02-16,-1065.99,1127.78
2018-02-19,-895.79,586.52
2018-02-20,-850.35,1437.24
2018-02-21,-1214.18,1375.48
2018-02-22,-2335.34,1059.42
2018-02-23,-486.32,1514.03
2018-02-26,-1119.51,1409.45
2018-02-27,-906.86,1046.67
2018-02-28,-1750.52,1596.89
2018-03-01,96.31,-269.2
2018-03-04,-376.51,479.18
2018-03-05,-148.42,-578.92
2018-03-07,-1043.31,278.84
2018-03-08,-5.87,87.08
2018-03-09,-21.13,-542.12
2018-03-10,-1550.04,1402.47
2018-03-12,293.12,-806.45
2018-03-13,7028.42,1613.39
2018-03-14,-258.98,-432.03
2018-03-15,-705.4,256.45
2018-03-16,-150.46,-770.53
2018-03-19,292.23,-191.52
2018-03-20,344.16,731.17
2018-03-21,98.44,197.78
2018-03-22,161.11,409.89
2018-03-23,1628.19,-935.41
2018-03-26,-741.19,2017.95
2018-03-27,1063.12,2172.91
2018-03-28,-1190.55,1960.67
2018-04-01,212.05,325.24
2018-04-05,-1628.23,1084.09
2018-04-06,2354.03,-712.41
2018-04-07,-284.58,611.01
2018-04-09,32.64,-21.41
2018-04-10,-2760.63,1823.59
2018-04-12,-55.89,-521.38
2018-04-13,-399.59,306.05
2018-04-16,-308.13,-28.97
2018-04-17,-951.39,723.81
2018-04-18,-915.71,869.7
2018-04-19,-624.99,448.61
2018-04-20,-21.02,111.01
2018-04-23,-259.08,387.26
2018-04-24,-680.99,508.55
2018-04-25,-304.79,435.98
2018-04-26,-1056.34,684.11
2018-04-27,-759.21,633.71
2018-04-30,-385.47,261.98
2018-05-01,581.43,243.13
2018-05-02,-1263.57,1163.64
2018-05-03,-366.6,-154.2
2018-05-04,-108.02,615.28
2018-05-06,-157.51,474.33
2018-05-07,-159.37,-296.97
2018-05-09,-383.67,176.95
2018-05-10,-3370.14,1902.07
2018-05-11,12.34,-621.94
2018-05-12,-357.82,-791.59
2018-05-14,717.99,687.23
2018-05-15,-518.47,531.33
2018-05-16,-699.22,229.06
2018-05-17,-830.94,428.92
2018-05-18,-166.15,149.58
2018-05-21,-496.03,1190.56
2018-05-22,-1651.63,1496.83
2018-05-23,-311.11,789.78
2018-05-24,-701.93,1480.51
2018-05-25,-768.29,887.76
2018-05-28,-795.06,1017.65
2018-05-29,-407.33,578.38
2018-05-30,-1286.91,492.46
2018-05-31,-15.31,-266.02
2018-06-02,-2326.1,1699.74
2018-06-03,620.08,-734.33
2018-06-04,-524.85,1305.45
2018-06-06,-81.4,712.31
2018-06-07,-968.18,1480.82
2018-06-08,248.7,218.64
2018-06-09,-455.0,611.98
2018-06-11,-499.71,118.69
2018-06-12,72.47,-389.78
2018-06-13,-70.77,486.78
2018-06-14,-1372.84,576.19
2018-06-15,-1524.74,561.01
2018-06-18,-754.43,824.1
2018-06-19,-1324.92,653.68
2018-06-20,-2442.61,1473.65
2018-06-21,1126.75,663.57
2018-06-22,-1343.44,1105.76
2018-06-25,198.68,-86.22
2018-06-26,-538.4,238.05
2018-06-27,67.44,84.31
2018-06-28,-951.51,442.64
2018-06-29,-157.15,2262.83
2018-07-02,-1022.5,461.19
2018-07-03,-719.78,409.34
2018-07-05,-635.24,1037.23
2018-07-06,-525.4,1197.89
2018-07-08,314.83,-319.9
2018-07-09,37.56,942.45
2018-07-11,31.02,27.11
2018-07-12,-817.4,242.56
2018-07-13,-1104.65,872.0
2018-07-16,-625.68,-70.3
2018-07-17,-673.99,840.06
2018-07-18,95.68,111.01
2018-07-19,-315.69,470.02
2018-07-20,310.27,-50.73
2018-07-23,259.37,124.82
2018-07-24,104.34,513.78
2018-07-25,-1195.75,97.64
2018-07-26,2453.57,-2716.04
2018-07-27,738.05,406.12
2018-07-30,-234.04,48.58
2018-07-31,572.21,-290.87
2018-08-01,692.83,-206.3
2018-08-02,-2297.09,2373.59
2018-08-03,-364.8,675.26
2018-08-05,-97.15,923.25
2018-08-06,-222.5,459.44
2018-08-08,568.63,30.25
2018-08-10,-1805.07,1973.97
2018-08-13,-971.86,216.29
2018-08-14,-378.84,391.47
2018-08-16,-825.08,133.78
2018-08-17,147.31,151.89
2018-08-20,-483.04,593.22
2018-08-21,254.25,197.87
2018-08-23,433.21,142.0
2018-08-24,-75.78,904.75
2018-08-27,252.52,1117.24
2018-08-28,-161.05,-199.28
2018-08-29,-1415.87,1114.36
2018-08-30,958.01,-1598.67
2018-08-31,-212.81,171.92
2018-09-01,-303.94,522.9
2018-09-02,-1351.7,588.42
2018-09-03,550.36,-65.0
2018-09-04,-1300.93,359.35
2018-09-05,-704.03,664.92
2018-09-07,-569.91,740.39
2018-09-08,370.68,-85.39
2018-09-10,-1242.46,1526.0
2018-09-11,614.14,-337.28
2018-09-14,1090.56,115.14
2018-09-17,-106.54,-180.36
2018-09-18,-1143.73,264.66
2018-09-19,-2184.55,1201.3
2018-09-21,760.7,497.03
2018-09-24,-523.94,1527.67
2018-09-25,-1231.7,2284.26
2018-09-26,-809.95,1555.44
2018-09-27,552.44,-186.69
2018-09-28,-1699.94,3256.34
2018-10-01,-572.26,600.24
2018-10-04,-684.99,653.65
2018-10-05,-364.88,900.69
2018-10-07,-20.73,293.96
2018-10-08,-510.66,457.83
2018-10-09,-841.68,-289.66
2018-10-10,-1096.05,1892.94
2018-10-12,116.22,-145.8
2018-10-15,67.86,294.78
2018-10-16,-1165.63,1059.44
2018-10-17,140.02,-343.11
2018-10-19,-618.26,-2.14
2018-10-22,-511.91,303.21
2018-10-23,-340.35,116.41
2018-10-24,-2046.54,1873.51
2018-10-25,-1495.71,339.6
2018-10-26,-1356.66,1875.89
2018-10-29,-2230.79,2526.9
2018-10-30,-1592.02,1363.04
2018-10-31,-193.65,1124.92
2018-11-01,-623.63,770.02
2018-11-04,362.3,111.82
2018-11-05,-325.44,1163.35
2018-11-06,-1156.77,1062.82
2018-11-07,636.27,15.33
2018-11-09,-1454.36,749.62
2018-11-10,-2869.41,1888.18
2018-11-12,-2421.06,2255.68
2018-11-13,-494.95,335.78
2018-11-14,277.38,-272.24
2018-11-15,2043.06,-165.31
2018-11-16,844.82,-372.24
2018-11-19,1103.36,-310.26
2018-11-20,-753.17,-44.06
2018-11-21,-1652.04,606.73
2018-11-22,446.24,49.68
2018-11-26,62.74,351.78
2018-11-27,811.52,31.21
2018-11-28,961.26,-330.29
2018-11-29,823.47,973.31
2018-11-30,-332.62,1489.65
2018-12-01,-158.16,696.25
2018-12-02,-814.11,1342.7
2018-12-03,374.65,-464.59
2018-12-04,368.9,-615.81
2018-12-06,-1168.88,1327.45
2018-12-07,-742.63,366.4
2018-12-09,-1086.39,541.44
2018-12-10,-1322.13,1287.29
2018-12-11,832.15,-1073.84
2018-12-12,-1299.43,1121.29
2018-12-13,675.14,-51.86
2018-12-14,861.94,-302.52
2018-12-17,-60.95,-76.84
2018-12-18,144.76,-182.6
2018-12-19,1209.21,-481.46
2018-12-20,-386.44,87.96
2018-12-21,134.14,-488.55
2018-12-24,-577.1,186.14
2018-12-26,80.28,-137.63
2018-12-27,1731.91,-663.0
2018-12-28,-119.6,1199.4
2018-12-31,-326.87,321.98
2019-01-01,-48.19,142.58
2019-01-02,1315.89,-5.07
2019-01-03,198.38,117.05
2019-01-04,898.79,-1032.81
2019-01-07,426.53,-50.99
2019-01-08,-1056.55,561.28
2019-01-10,-1298.56,1503.02
2019-01-11,533.37,-136.5
2019-01-14,-732.46,527.49
2019-01-15,159.6,417.44
2019-01-16,-90.1,304.27
2019-01-17,842.13,-727.46
2019-01-18,-124.91,-0.97
2019-01-21,-299.79,520.8
2019-01-22,-78.53,-84.15
2019-01-23,-775.82,583.77
2019-01-24,-94.45,389.96
2019-01-25,689.28,-147.35
2019-01-28,223.44,92.32
2019-01-29,-354.36,81.27
2019-01-30,130.25,502.26
2019-01-31,3006.41,-1634.32
2019-02-01,-621.06,-226.18
2019-02-04,543.36,-437.7
2019-02-05,597.54,-791.69
2019-02-07,-512.0,141.09
2019-02-08,-2888.06,2812.66
2019-02-12,-1731.33,753.99
2019-02-13,-676.63,713.1
2019-02-14,-250.23,1225.24
2019-02-15,-966.43,853.25
2019-02-18,-1239.79,2336.74
2019-02-19,-813.76,1163.85
2019-02-20,713.47,113.27
2019-02-21,55.48,202.1
2019-02-22,6311.01,838.88
2019-02-25,2134.35,-1746.4
2019-02-26,1674.17,-720.27
2019-02-27,423.04,66.81
2019-02-28,3210.6,-5240.62
2019-03-01,-972.81,34.52
2019-03-04,-1040.48,-80.83
2019-03-05,-400.68,57.07
2019-03-06,3068.88,-462.69
2019-03-07,-390.18,287.57
2019-03-09,-2016.2,1251.35
2019-03-10,-810.72,862.54
2019-03-12,-1131.12,963.97
2019-03-13,2722.28,-1508.14
2019-03-14,1482.99,-817.77
2019-03-15,4323.49,-2130.36
2019-03-18,1822.99,-1268.91
2019-03-19,2132.36,-1253.67
2019-03-20,1771.61,-1323.17
2019-03-22,1374.57,-675.37
2019-03-25,150.4,-12.52
2019-03-26,999.02,-196.7
2019-03-27,1481.11,134.92
2019-03-28,3594.51,-2080.22
2019-03-29,-86.21,1724.39
2019-04-01,-157.72,240.6
2019-04-02,-112.13,-65.22
2019-04-04,-226.19,1206.16
2019-04-06,-416.08,-355.42
2019-04-07,-28.95,58.59
2019-04-09,-1738.49,1304.58
2019-04-10,-682.93,606.28
2019-04-11,-138.53,-500.24
2019-04-12,-781.06,904.13
2019-04-15,713.22,581.36
2019-04-16,1038.58,37.22
2019-04-18,1038.46,-337.59
2019-04-22,73.08,-68.16
2019-04-23,-237.47,198.35
2019-04-24,974.88,-657.06
2019-04-25,3785.73,-4069.98
2019-04-26,-70.73,920.88
2019-04-30,114.59,730.02
2019-05-02,420.65,194.31
2019-05-03,751.92,580.86
2019-05-04,797.9,-325.58
2019-05-07,-89.38,275.63
2019-05-08,-2016.73,1871.27
2019-05-09,-561.17,699.31
2019-05-11,473.17,-1593.71
2019-05-12,653.36,-410.49
2019-05-13,-1056.01,1057.91
2019-05-14,-2011.85,2242.91
2019-05-15,-1142.44,671.77
2019-05-16,-953.23,948.0
2019-05-17,-1057.82,1809.76
2019-05-20,1734.45,-542.71
2019-05-21,1185.44,-1090.32
2019-05-22,-965.02,-157.75
2019-05-23,1352.2,-593.54
2019-05-24,2026.33,-195.35
2019-05-27,1215.36,-327.86
2019-05-28,-501.11,269.22
2019-05-29,-304.27,-189.58
2019-05-30,1664.74,-1122.6
2019-05-31,676.15,394.09
2019-06-02,694.97,525.26
2019-06-03,1130.78,-878.45
2019-06-05,-948.98,89.89
2019-06-06,-1448.99,-650.84
2019-06-08,-2107.93,2289.05
2019-06-09,-957.05,1207.2
2019-06-11,1011.49,-1117.25
2019-06-12,-867.66,210.72
2019-06-13,172.35,-444.87
2019-06-14,-238.64,376.47
2019-06-17,-331.27,1257.86
2019-06-18,31.73,181.03
2019-06-19,-97.05,-104.91
2019-06-20,-438.41,1241.23
2019-06-21,-730.58,445.75
2019-06-24,207.33,984.43
2019-06-25,1157.87,377.22
2019-06-26,106.26,-51.47
2019-06-27,-0.71,196.57
2019-06-28,-513.91,182.4
2019-07-01,736.18,-141.97
2019-07-02,418.01,294.11
2019-07-03,1137.85,-925.46
2019-07-05,-645.08,818.84
2019-07-06,-478.84,179.79
2019-07-08,-383.66,531.56
2019-07-10,-494.21,904.82
2019-07-11,926.6,-635.59
2019-07-15,-216.44,591.72
2019-07-16,-444.99,637.71
2019-07-17,-16.97,208.88
2019-07-18,-1404.86,329.05
2019-07-19,-950.15,733.92
2019-07-22,-1916.91,1829.9
2019-07-23,-2607.97,2625.1
2019-07-24,-1393.71,2140.26
2019-07-25,-126.65,398.53
2019-07-26,-1503.26,1917.52
2019-07-29,-704.42,1351.64
2019-07-30,-644.59,1079.72
2019-07-31,-1497.07,2479.38
2019-08-01,-553.78,698.17
2019-08-02,843.73,-960.04
2019-08-03,1095.06,-470.7
2019-08-04,329.6,-623.81
2019-08-05,-701.07,232.95
2019-08-07,-401.99,321.13
2019-08-08,-437.39,291.29
2019-08-11,932.2,-584.48
2019-08-13,-638.28,201.53
2019-08-14,1614.63,1619.82
2019-08-16,-1339.27,1058.28
2019-08-19,-305.74,386.23
2019-08-20,373.23,296.41
2019-08-21,-770.81,353.97
2019-08-22,-902.99,1719.07
2019-08-23,-1737.2,1548.49
2019-08-26,-752.9,1272.29
2019-08-27,-923.94,1162.65
2019-08-28,-935.27,359.32
2019-08-29,-986.58,489.23
2019-08-30,1162.95,1502.27
2019-09-01,276.14,439.67
2019-09-04,1212.35,-688.65
2019-09-05,-655.36,677.91
2019-09-07,-674.26,710.91
2019-09-08,203.73,606.92
2019-09-09,-188.08,686.47
2019-09-10,-485.24,956.26
2019-09-12,459.22,74.93
2019-09-13,-405.45,209.56
2019-09-16,-751.26,308.56
2019-09-17,-808.29,85.76
2019-09-18,-959.09,780.45
2019-09-19,-892.52,645.72
2019-09-20,35.78,3001.32
2019-09-23,2684.05,291.95
2019-09-24,-828.49,472.81
2019-09-25,-342.4,-762.48
2019-09-26,737.17,339.28
2019-09-27,-213.6,458.68
2019-09-30,-469.4,504.69
2019-10-01,-344.58,10.98
2019-10-04,1429.92,461.29
2019-10-05,-1245.14,1057.42
2019-10-06,216.2,170.62
2019-10-07,-604.94,667.4
2019-10-10,-263.11,502.67
2019-10-12,-366.79,338.4
2019-10-14,895.63,-425.15
2019-10-15,436.02,929.39
2019-10-16,686.33,1605.45
2019-10-17,1158.63,-511.76
2019-10-18,36.56,586.88
2019-10-22,-557.5,-985.47
2019-10-23,-213.23,-137.38
2019-10-24,-72.87,-738.75
2019-10-25,-435.42,440.16
2019-10-27,6.61,54.39
2019-10-29,876.64,144.75
2019-10-30,7192.42,-185.87
2019-10-31,1870.87,-650.73
2019-11-01,-687.2,123.17
2019-11-02,-125.05,-232.55
2019-11-03,3810.6,-1955.55
2019-11-04,476.51,-16.58
2019-11-06,95.79,-151.01
2019-11-07,-316.86,719.74
2019-11-09,266.89,1132.42
2019-11-10,749.74,-703.02
2019-11-11,664.2,-245.06
2019-11-12,605.41,239.87
2019-11-13,584.92,-890.03
2019-11-14,-562.05,82.74
2019-11-15,-1008.37,537.74
2019-11-18,-270.66,309.45
2019-11-19,-915.37,262.35
2019-11-20,566.52,183.41
2019-11-21,5023.54,-247.74
2019-11-22,305.72,-177.37
2019-11-25,960.9,-213.66
2019-11-26,4677.75,-4242.01
2019-11-27,42.93,439.51
2019-11-28,1008.89,-155.47
2019-11-29,-1892.29,953.62
2019-12-02,-466.78,-122.64
2019-12-03,2477.72,-990.48
2019-12-04,897.45,-15.99
2019-12-06,-1050.43,271.15
2019-12-07,-850.11,940.12
2019-12-09,783.55,-126.82
2019-12-12,-683.83,810.23
2019-12-13,115.7,384.92
2019-12-16,728.13,-796.38
2019-12-17,1248.47,-908.16
2019-12-18,1836.81,-1267.57
2019-12-19,739.43,-493.95
2019-12-20,338.86,-285.41
2019-12-23,1463.28,-1947.36
2019-12-24,-114.38,-345.22
2019-12-26,-504.13,120.46
2019-12-27,81.37,125.77
2019-12-30,-130.52,201.32
2019-12-31,-1265.1,585.07
2020-01-01,-58.87,208.47
2020-01-02,-1199.53,36.64
2020-01-04,-1116.79,-450.36
2020-01-06,1575.46,-459.25
2020-01-07,-1696.45,1377.13
2020-01-09,486.09,-775.23
2020-01-10,1632.25,259.46
2020-01-12,3242.0,-1043.21
2020-01-13,120.79,-1128.89
2020-01-14,-205.56,-642.47
2020-01-15,279.53,-648.34
2020-01-16,-395.24,-184.65
2020-01-17,264.26,-500.17
2020-01-20,5.87,-1419.85
2020-01-21,-50.08,-307.81
2020-01-22,-176.43,-326.22
2020-01-23,1352.13,-984.56
2020-01-24,659.11,417.96
2020-01-27,-438.85,10.51
2020-01-28,-1357.56,711.7
2020-01-29,-1014.27,1520.9
2020-01-30,-962.28,292.35
2020-01-31,-4179.12,3816.44
2020-02-01,688.76,63.95
2020-02-03,-1354.72,1138.74
2020-02-06,7498.29,441.05
2020-02-07,-556.72,908.64
2020-02-09,990.57,-657.48
2020-02-11,740.61,-533.97
2020-02-12,357.35,-1635.97
2020-02-13,1061.39,-960.48
2020-02-14,-704.92,219.54
2020-02-17,-374.06,-154.25
2020-02-18,-74.39,-309.43
2020-02-19,-190.66,590.12
2020-02-20,1495.25,-699.62
2020-02-24,-1160.9,516.21
2020-02-25,-2315.07,1565.28
2020-02-26,-3336.6,2785.67
2020-02-27,-3127.36,3497.5
2020-02-28,-1428.74,7621.16
2020-03-01,1263.05,-1029.2
2020-03-02,-1200.27,1286.63
2020-03-03,-2415.8,3135.24
2020-03-04,-1960.97,226.55
2020-03-06,1851.12,-781.79
2020-03-07,857.29,-331.96
2020-03-08,7818.49,-135.55
2020-03-09,7.72,120.08
2020-03-11,2274.4,-1100.92
2020-03-12,3637.42,-1439.74
2020-03-13,-6027.58,5867.9
2020-03-16,-3809.93,2614.54
2020-03-17,-4044.69,3422.12
2020-03-18,-5085.35,3636.44
2020-03-19,-4622.93,4367.43
2020-03-20,-3345.95,2431.24
2020-03-23,-2989.29,1082.24
2020-03-24,-2153.35,1553.66
2020-03-25,-1893.36,737.98
2020-03-26,-484.78,-769.93
2020-03-27,355.78,1703.72
2020-03-30,-4363.61,3550.33
2020-03-31,-3044.94,3576.23
2020-04-02,366.21,601.86
2020-04-03,-878.38,764.13
2020-04-05,-1373.98,-1661.61
2020-04-06,2905.04,-847.31
2020-04-08,703.74,-665.69
2020-04-09,-1888.78,-456.88
2020-04-11,146.22,-8.13
2020-04-12,2969.59,-1971.6
2020-04-13,-1243.74,-1096.89
2020-04-15,1359.31,-1097.86
2020-04-16,-2920.36,1321.44
2020-04-17,-1391.98,534.24
2020-04-20,-265.89,-788.87
2020-04-21,-2095.23,-68.46
2020-04-22,-1326.09,863.82
2020-04-23,-114.58,338.27
2020-04-24,-207.29,-993.98
2020-04-27,-916.42,1141.97
2020-04-28,-122.15,389.0
2020-04-29,722.08,786.4
2020-04-30,1968.8,579.03
2020-05-02,248.94,262.75
2020-05-03,-2476.75,2510.89
2020-05-05,-323.86,-58.21
2020-05-06,97.61,47.29
2020-05-08,-60.18,-425.98
2020-05-10,236.71,-471.56
2020-05-11,5368.31,-2208.18
2020-05-13,-283.43,232.65
2020-05-14,-2152.52,802.36
2020-05-15,-2388.04,1225.53
2020-05-18,-2512.82,-152.42
2020-05-19,-1328.31,1659.74
2020-05-20,-1466.52,2373.19
2020-05-21,-258.73,401.78
2020-05-22,-1353.9,-344.16
2020-05-26,4716.13,2841.09
2020-05-27,-334.74,2408.85
2020-05-28,2354.14,144.83
2020-05-29,1460.71,967.43
2020-06-01,-103.84,-23.7
2020-06-02,-560.36,304.01
2020-06-03,-3594.84,2543.78
2020-06-05,-493.68,322.47
2020-06-07,348.35,263.47
2020-06-08,637.43,-468.0
2020-06-10,1101.76,-934.84
2020-06-11,4869.87,-2938.66
2020-06-15,-2960.33,1076.38
2020-06-16,-1478.52,1161.51
2020-06-17,-486.62,168.05
2020-06-18,366.57,1131.27
2020-06-19,1237.0,-880.66
2020-06-22,424.21,-1287.69
2020-06-23,168.96,454.48
2020-06-24,1766.9,-1524.9
2020-06-25,-1050.61,-255.59
2020-06-26,-753.18,1304.18
2020-06-29,-1937.06,1036.13
2020-06-30,-2000.08,2051.31
2020-07-01,-682.23,311.19
2020-07-02,161.93,-178.59
2020-07-04,741.77,422.51
2020-07-05,19056.49,3818.41
2020-07-07,829.9,-784.47
2020-07-08,397.32,-438.62
2020-07-09,-6.93,-815.82
2020-07-10,1093.81,-1129.49
2020-07-12,3792.06,-2767.09
2020-07-13,221.76,-1485.59
2020-07-14,-1565.62,-649.7
2020-07-15,-221.7,-899.37
2020-07-16,-1091.08,1659.91
2020-07-17,697.08,-209.42
2020-07-20,1709.97,-1521.99
2020-07-21,2265.88,-727.39
2020-07-22,1665.57,-1138.83
2020-07-23,1740.5,-931.91
2020-07-24,409.88,-1002.98
2020-07-27,-453.31,-977.88
2020-07-28,245.95,-1017.4
2020-07-29,-352.62,-505.62
2020-07-30,207.3,-387.24
2020-07-31,-958.64,442.73
2020-08-01,-515.85,748.4
2020-08-04,1943.41,-1757.79
2020-08-05,1724.71,-1503.14
2020-08-06,813.27,-1238.23
2020-08-07,-994.87,-853.41
2020-08-09,-1056.52,620.29
2020-08-10,978.37,19.85
2020-08-12,2909.6,-2640.93
2020-08-13,416.28,-763.54
2020-08-14,46.39,-797.08
2020-08-17,332.9,-717.62
2020-08-18,1134.57,-379.38
2020-08-19,459.01,-97.13
2020-08-20,-268.46,-672.23
2020-08-21,410.16,-250.65
2020-08-24,219.07,-335.64
2020-08-25,1481.2,-172.97
2020-08-26,1581.31,-1194.62
2020-08-27,1164.32,-809.27
2020-08-28,1004.11,-543.56
2020-08-31,-3395.49,680.88
2020-09-01,-431.11,419.22
2020-09-03,-6595.56,4974.8
2020-09-04,1737.62,-466.02
2020-09-06,490.81,-733.33
2020-09-07,212.77,-803.39
2020-09-09,-959.09,-263.97
2020-09-10,-39.39,126.61
2020-09-11,4548.39,-3036.31
2020-09-12,3564.23,-2493.1
2020-09-14,298.22,-120.35
2020-09-15,1170.89,-895.63
2020-09-16,264.66,-212.21
2020-09-17,-249.82,-1067.83
2020-09-18,205.15,-100.83
2020-09-21,-539.81,-517.95
2020-09-22,-2072.76,878.91
2020-09-23,-3912.44,1629.23
2020-09-24,-1885.69,188.64
2020-09-25,-2080.21,2070.63
2020-09-28,-26.98,542.34
2020-09-29,-1456.66,576.5
2020-09-30,-712.48,409.47
2020-10-01,578.28,-251.74
2020-10-02,-184.58,-735.79
2020-10-06,-919.26,500.7
2020-10-07,-1031.0,-431.21
2020-10-08,302.88,-504.92
2020-10-09,838.37,-317.3
2020-10-11,5627.32,-2309.19
2020-10-12,2259.98,-2275.22
2020-10-13,832.14,-1674.46
2020-10-14,821.86,-1276.14
2020-10-15,-604.07,-808.29
2020-10-16,-479.59,-429.81
2020-10-19,1656.78,-1621.73
2020-10-20,1585.07,-1633.23
2020-10-21,2108.48,-1633.53
2020-10-22,1118.46,-2019.87
2020-10-23,906.93,-891.86
2020-10-26,-119.42,-979.16
2020-10-27,3514.89,-1570.8
2020-10-28,-1130.98,1.48
2020-10-29,-420.95,-253.41
2020-10-30,-870.88,631.11
2020-11-02,-209.39,344.63
2020-11-03,-3515.38,2835.46
2020-11-05,534.87,-821.6
2020-11-06,-805.14,-874.35
2020-11-08,1013.66,-1415.54
2020-11-09,1175.81,-724.31
2020-11-11,6207.19,-3463.86
2020-11-12,4195.43,-2359.0
2020-11-13,1935.92,-2462.42
2020-11-17,4905.35,-3829.16
2020-11-18,3071.93,-2789.85
2020-11-19,1180.61,-2854.94
2020-11-20,3860.78,-2868.66
2020-11-23,4738.44,-2944.05
2020-11-24,4563.18,-2522.11
2020-11-25,24.2,-1840.33
2020-11-26,2027.31,-3400.1
2020-11-27,7712.98,-4968.9
2020-12-02,48.81,339.19
2020-12-03,-3475.29,3918.24
2020-12-05,-1662.03,-364.0
2020-12-06,-1311.49,1945.15
2020-12-08,351.15,-939.67
2020-12-10,615.17,-1028.77
2020-12-11,1514.12,-2239.43
2020-12-14,2264.38,-1721.11
2020-12-15,2484.09,-2666.79
2020-12-16,1981.77,-1718.45
2020-12-17,2355.25,-2494.36
2020-12-18,2720.95,-2424.61
2020-12-21,-323.55,486.12
2020-12-22,1153.0,-661.51
2020-12-23,536.13,-1326.92
2020-12-24,1225.69,-1897.92
2020-12-28,1588.93,-1386.55
2020-12-29,2349.53,-2010.5
2020-12-30,1824.52,-587.43
2020-12-31,1135.59,-257.64
2021-01-01,506.21,69.4
2021-01-02,1494.23,-90.46
2021-01-03,125.15,-194.88
2021-01-04,149.41,-296.84
2021-01-06,-449.86,230.49
2021-01-07,-1245.29,880.6
2021-01-09,666.66,-1287.87
2021-01-10,131.39,-613.08
2021-01-11,-202.13,116.01
2021-01-12,-2765.84,3467.02
2021-01-13,1879.06,-2370.17
2021-01-14,1076.62,-188.1
2021-01-15,971.06,-942.07
2021-01-18,650.6,-42.51
2021-01-19,257.55,-199.3
2021-01-20,2289.05,-864.62
2021-01-21,1614.66,-1039.48
2021-01-22,-635.69,-1290.35
2021-01-25,-765.3,-387.76
2021-01-27,-1688.22,-3.38
2021-01-28,-3712.51,1736.92
2021-01-29,-5930.66,2443.2
2021-02-02,6181.56,-2035.2
2021-02-03,2223.16,-854.04
2021-02-06,921.1,241.76
2021-02-07,-982.8,930.39
2021-02-08,-1539.88,1505.82
2021-02-09,348.52,381.7
2021-02-11,244.87,-6.0
2021-02-12,-909.71,1372.65
2021-02-15,1234.15,-1048.55
2021-02-16,1144.09,-1559.53
2021-02-17,1008.2,-1283.38
2021-02-18,903.07,-1217.34
2021-02-19,118.75,-1174.98
2021-02-22,-893.25,-919.88
2021-02-23,-1569.04,216.67
2021-02-24,28739.17,230.44
2021-02-25,188.08,-746.57
2021-02-26,-8295.17,1499.7
2021-03-02,2520.92,-399.74
2021-03-03,2088.7,392.91
2021-03-05,-2289.46,552.92
2021-03-06,1079.2,-278.97
2021-03-08,2116.6,-298.54
2021-03-09,768.58,668.6
2021-03-11,-401.48,195.56
2021-03-12,-3356.17,1648.79
2021-03-15,-1101.35,-749.71
2021-03-16,1692.31,-1168.59
2021-03-17,2625.82,-562.15
2021-03-18,1258.47,-1116.17
2021-03-19,1418.43,559.62
2021-03-22,-786.98,542.7
2021-03-23,-108.24,-529.69
2021-03-24,-1951.9,612.8
2021-03-25,-3383.6,2267.69
2021-03-26,-50.13,1703.14
2021-03-30,769.47,2181.01
2021-03-31,-1685.91,2081.52
2021-04-01,1843.22,-715.21
2021-04-02,1936.74,-768.55
2021-04-03,-223.11,-788.19
2021-04-05,-1772.37,987.34
2021-04-06,1499.37,-1175.01
2021-04-08,2828.57,-411.36
2021-04-10,860.5,228.06
2021-04-11,-328.11,38.25
2021-04-13,-730.81,243.8
2021-04-15,979.7,-526.63
2021-04-16,437.51,657.55
2021-04-19,-1633.7,2355.56
2021-04-20,-1082.33,1323.01
2021-04-22,-909.56,849.98
2021-04-23,-1360.76,1695.59
2021-04-26,-1111.89,1022.57
2021-04-27,-1454.75,1463.44
2021-04-28,766.02,436.2
2021-04-29,809.37,-942.35
2021-04-30,-3465.07,1419.31
2021-05-01,986.3,-490.03
2021-05-02,1461.71,-1418.65
2021-05-03,-2014.16,-1191.19
2021-05-04,-931.66,75.48
2021-05-05,-1110.5,-240.61
2021-05-07,-338.43,645.59
2021-05-08,-719.88,731.92
2021-05-10,-1915.08,1868.23
2021-05-14,-2607.85,613.26
2021-05-17,-2255.84,1948.48
2021-05-18,618.49,449.52
2021-05-19,-697.75,-852.52
2021-05-20,71.04,-876.06
2021-05-21,510.16,649.1
2021-05-24,585.36,-707.69
2021-05-25,959.77,-563.59
2021-05-26,241.6,-438.59
2021-05-27,-660.9,112.38
2021-05-28,913.59,1275.22
2021-05-31,2412.39,179.78
2021-06-01,-483.64,-380.41
2021-06-04,-1092.75,416.59
2021-06-05,1222.58,-632.51
2021-06-07,-543.3,521.3
2021-06-08,-69.37,-631.0
2021-06-09,-589.36,547.31
2021-06-10,-802.81,-998.69
2021-06-12,-3361.28,1701.56
2021-06-14,-503.51,544.26
2021-06-15,633.69,-649.29
2021-06-16,-870.29,-874.2
2021-06-17,-879.73,45.24
2021-06-18,2680.57,446.2
2021-06-21,-1244.71,138.09
2021-06-22,-1027.94,302.45
2021-06-23,3156.53,1317.2
2021-06-24,-2890.94,1138.76
2021-06-25,-678.84,1832.76
2021-06-28,-1658.72,1277.08
2021-06-29,116.63,1810.05
2021-06-30,-1646.66,1520.18
2021-07-01,382.3,-989.5
2021-07-04,227.42,381.08
2021-07-05,-1142.75,1468.09
2021-07-06,-186.46,983.97
2021-07-07,532.94,-231.8
2021-07-09,-145.45,-136.57
2021-07-10,-1764.25,2528.64
2021-07-12,-2584.97,2605.81
2021-07-13,113.83,344.19
2021-07-14,-1303.95,1335.91
2021-07-15,-264.77,439.41
2021-07-16,-466.3,666.07
2021-07-19,-2198.71,1047.66
2021-07-20,-2834.96,873.14
2021-07-22,-247.59,942.55
2021-07-23,-163.31,2187.8
2021-07-26,-2376.79,1551.27
2021-07-27,-1459.08,729.96
2021-07-28,-2274.77,921.45
2021-07-29,-866.26,2046.96
2021-07-30,-3848.31,2956.68
2021-08-01,6029.83,-2372.54
2021-08-02,1876.6,-504.86
2021-08-03,-1494.49,483.62
2021-08-04,110.85,552.78
2021-08-06,1422.71,-1626.98
2021-08-07,-554.92,-949.18
2021-08-09,-802.51,0.6
2021-08-10,-64.01,-168.19
2021-08-11,-860.65,1911.77
2021-08-12,-579.27,1735.5
2021-08-13,819.77,149.5
2021-08-16,-1088.32,506.21
2021-08-17,-343.73,266.43
2021-08-18,-595.32,-729.49
2021-08-20,-2287.03,119.3
2021-08-23,-1363.36,1452.51
2021-08-24,-1644.91,2380.05
2021-08-25,-1071.83,-151.39
2021-08-26,-1974.48,1055.21
2021-08-27,-778.75,1646.19
2021-08-30,1202.81,688.85
2021-08-31,3881.16,-1872.4
2021-09-02,1300.65,-1756.24
2021-09-03,2801.87,1250.22
2021-09-06,-846.37,-271.7
2021-09-07,-1124.65,106.55
2021-09-08,211.91,-716.15
2021-09-09,423.44,704.21
2021-09-11,-2445.25,1417.63
2021-09-12,-1585.55,782.84
2021-09-13,1419.31,-559.59
2021-09-14,1649.6,-310.31
2021-09-15,232.84,167.67
2021-09-16,1621.88,-795.13
2021-09-17,1552.59,-1398.55
2021-09-20,92.54,-1626.58
2021-09-21,1041.92,2167.62
2021-09-22,-1943.26,1850.02
2021-09-23,357.93,1173.09
2021-09-24,442.49,-515.85
2021-09-27,-594.63,1397.69
2021-09-28,-1957.7,161.45
2021-09-29,-1446.02,3262.16
2021-09-30,-2225.6,97.18
2021-10-02,1786.97,-2075.68
2021-10-03,-15.69,447.67
2021-10-05,583.69,-476.26
2021-10-06,1329.7,-575.19
2021-10-08,-178.51,689.0
2021-10-11,-469.5,766.95
2021-10-12,-1092.4,386.63
2021-10-13,937.31,-431.72
2021-10-14,1681.6,-1750.59
2021-10-18,512.44,-1703.87
2021-10-19,-505.79,-2578.22
2021-10-20,-1843.09,-1680.73
2021-10-21,-2818.9,428.45
2021-10-22,-2697.7,1029.97
2021-10-25,-2459.1,2390.23
2021-10-26,-2368.66,1385.41
2021-10-27,-1913.36,472.48
2021-10-28,-3818.51,836.6
2021-10-29,-5142.63,4342.51
2021-11-01,3138.9,-2610.13
2021-11-02,944.36,-707.68
2021-11-05,-336.0,-676.67
2021-11-06,18.64,666.36
2021-11-08,238.14,206.28
2021-11-10,-1303.22,-373.28
2021-11-11,-1637.46,445.76
2021-11-15,424.74,1524.67
2021-11-16,-560.67,577.34
2021-11-17,-344.35,-61.14
2021-11-18,-3930.62,1885.66
2021-11-22,-3438.76,2051.18
2021-11-23,-4477.06,1412.05
2021-11-24,-5122.65,3809.62
2021-11-25,-2300.65,1367.8
2021-11-26,-5785.83,2294.11
2021-11-29,-3332.21,4611.41
2021-11-30,-5445.25,5350.23
2021-12-01,571.47,-1334.5
2021-12-02,-37.33,-597.62
2021-12-03,-942.6,-163.87
2021-12-04,-1746.43,232.76
2021-12-05,-1260.59,-704.36
2021-12-07,-745.97,447.42
2021-12-08,-212.11,307.75
2021-12-10,-278.32,-741.22
2021-12-11,511.1,851.41
2021-12-13,-2743.44,1351.03
2021-12-14,-763.18,425.43
2021-12-15,-3407.04,1553.01
2021-12-16,-1468.71,1533.15
2021-12-17,-2069.9,1478.52
2021-12-20,-3565.36,2764.02
2021-12-21,-1209.82,1404.89
2021-12-22,-827.26,1593.41
2021-12-23,-271.59,1196.48
2021-12-24,-715.0,-43.24
2021-12-27,-1038.25,955.79
2021-12-28,207.31,567.47
2021-12-29,-975.23,1006.93
2021-12-30,-986.32,577.74
2021-12-31,575.39,1165.62
2022-01-02,-21.79,1597.7
2022-01-04,1909.78,-183.79
2022-01-06,-1930.16,984.11
2022-01-07,-2324.74,1310.71
2022-01-08,2320.61,-822.23
2022-01-13,-1390.85,1065.32
2022-01-14,-1598.2,371.41
2022-01-17,-855.47,-115.31
2022-01-18,-1254.95,-220.2
2022-01-19,-2704.77,-195.07
2022-01-20,-4679.84,769.26
2022-01-21,-3148.58,269.36
2022-01-24,-3751.58,74.88
2022-01-25,-7094.48,4534.53
2022-01-27,-6266.75,2881.32
2022-01-28,-5045.34,3358.67
2022-01-31,-3624.48,3648.65
2022-02-02,-183.6,425.96
2022-02-03,-4338.94,3061.7
2022-02-05,-1853.46,1951.1
2022-02-06,-451.82,130.63
2022-02-08,825.18,117.79
2022-02-14,-4253.7,2170.29
2022-02-15,-2298.76,4411.6
2022-02-16,-1890.96,1180.14
2022-02-17,-1242.1,901.1
2022-02-18,-2529.96,1929.08
2022-02-21,-2261.9,2392.85
2022-02-22,-3245.52,4108.58
2022-02-23,-3417.16,3024.37
2022-02-24,-6448.24,7667.75
2022-02-25,-4470.7,4318.24
2022-02-28,-3948.47,4142.82
2022-03-01,902.64,803.11
2022-03-02,-1597.54,-370.58
2022-03-03,-6644.65,4799.24
2022-03-06,-3770.51,2360.51
2022-03-08,765.17,-518.42
2022-03-14,-176.52,1098.62
2022-03-15,-1249.74,98.25
2022-03-16,311.99,772.55
2022-03-17,2800.14,-678.45
2022-03-21,-2962.12,252.91
2022-03-22,384.48,-602.05
2022-03-23,481.33,-294.23
2022-03-24,-1740.71,2091.07
2022-03-25,-1507.37,1373.02
2022-03-28,-801.41,1161.7
2022-03-29,35.47,1713.31
2022-03-30,1357.47,1216.0
2022-03-31,3088.73,1145.28
2022-04-01,1273.86,532.97
2022-04-02,-2267.86,621.98
2022-04-03,-7631.02,4738.99
2022-04-04,1152.21,1675.01
2022-04-05,-3288.18,1338.0
2022-04-07,-2149.56,1688.39
2022-04-08,1474.77,-46.79
2022-04-13,-2061.04,1410.85
2022-04-18,-6387.45,3341.96
2022-04-19,-5871.69,3980.81
2022-04-20,-3009.26,2645.82
2022-04-21,-713.69,2823.43
2022-04-22,-2461.72,1602.35
2022-04-25,-3302.85,1870.45
2022-04-26,-1174.05,1643.84
2022-04-27,-4064.54,1917.51
2022-04-28,743.22,780.94
2022-04-29,-3648.3,3490.3
2022-05-01,336.83,1271.95
2022-05-04,374.89,105.42
2022-05-05,-2074.74,2229.31
2022-05-07,1295.84,-257.59
2022-05-08,1605.81,-495.94
2022-05-13,-3780.08,3169.62
2022-05-16,-1788.93,1428.39
2022-05-17,-2192.44,2294.42
2022-05-18,-1254.64,375.61
2022-05-19,-4899.92,3225.54
2022-05-20,-1265.41,2148.95
2022-05-23,-1951.17,1445.39
2022-05-24,-2393.45,1948.49
2022-05-25,-1803.06,2229.82
2022-05-26,-1597.84,2906.46
2022-05-27,-1943.1,2727.47
2022-05-30,502.08,1524.49
2022-05-31,-1003.56,1845.15
2022-06-01,-1926.77,800.91
2022-06-04,-2279.97,622.92
2022-06-05,-5517.08,3014.85
2022-06-06,-2397.65,1940.0
2022-06-07,-330.13,1464.33
2022-06-13,-4164.01,2814.5
2022-06-14,-4502.25,3807.6
2022-06-15,-3531.15,2588.0
2022-06-16,-3257.65,1929.14
2022-06-17,-7818.61,6086.92
2022-06-20,-1217.12,2093.39
2022-06-21,-2701.21,3066.41
2022-06-22,-2920.61,1859.07
2022-06-23,-2319.06,2438.31
2022-06-24,-2353.77,2213.44
2022-06-27,-1278.42,1184.47
2022-06-28,-1244.44,1205.63
2022-06-29,-851.06,847.46
2022-06-30,-1138.05,1378.2
2022-07-01,496.27,-115.66
2022-07-02,-1157.23,-1376.49
2022-07-03,-7482.08,5331.03
2022-07-04,-5009.62,1774.7
2022-07-06,-2293.98,1311.14
2022-07-07,-925.22,980.59
2022-07-13,-2839.52,1799.22
2022-07-14,309.06,-556.4
2022-07-15,-1649.36,1059.46
2022-07-18,156.08,844.33
2022-07-19,976.4,-100.73
2022-07-20,1780.94,-230.22
2022-07-21,1799.32,-312.29
2022-07-22,-675.45,739.38
2022-07-25,-844.78,-72.26
2022-07-26,-1548.29,999.36
2022-07-27,-436.81,712.03
2022-07-28,1637.69,600.29
2022-07-29,1046.32,-0.91
2022-08-02,-1967.89,1115.0
2022-08-03,-8142.6,6489.59
2022-08-04,-575.04,-16.51
2022-08-06,-2484.25,1904.33
2022-08-07,-109.31,34.61
2022-08-08,1449.7,-140.73
2022-08-16,1376.84,-136.24
2022-08-17,2347.22,-510.23
2022-08-18,-1706.0,470.79
2022-08-19,1110.9,-1633.21
2022-08-22,-453.77,-85.06
2022-08-23,563.0,-215.2
2022-08-24,23.19,-322.34
2022-08-25,369.06,-334.31
2022-08-26,-51.12,453.59
2022-08-29,-561.22,144.08
2022-08-30,4165.86,-656.72
2022-09-02,-892.64,1793.35
2022-09-03,-4818.71,3275.94
2022-09-05,-3361.8,3077.24
2022-09-06,-1512.64,1624.9
2022-10-01,-124.23,481.55
2022-10-02,-1732.58,2727.23
2022-10-03,-1981.15,945.71
2022-10-05,-3960.59,2958.4
2022-10-06,-3973.95,2831.07
2022-10-08,1061.88,-768.45
2022-11-01,111.91,378.74
2022-11-02,108.53,-696.9
2022-11-03,-2263.9,1686.85
2022-11-04,-1145.2,-486.5
2022-11-05,-3609.35,4181.2
2022-11-07,-170.51,-296.99
2022-11-08,2298.08,-729.56
2022-12-01,-1001.57,1332.01
2022-12-04,-3128.39,870.01
2022-12-05,-5255.75,4815.64
2022-12-07,-1565.68,140.71
2022-12-08,3040.46,-839.45
