date,pcr
2015-01-01,1.1056
2015-01-02,1.1144
2015-01-05,1.0771
2015-01-06,0.9496
2015-01-07,0.9467
2015-01-08,0.9971
2015-01-09,1.0823
2015-01-12,1.1427
2015-01-13,1.1145
2015-01-14,1.083
2015-01-15,1.1768
2015-01-16,1.2131
2015-01-19,1.2478
2015-01-20,1.3044
2015-01-21,1.3125
2015-01-22,1.3049
2015-01-23,1.304
2015-01-27,1.3706
2015-01-28,1.326
2015-01-29,0.9736
2015-01-30,0.8886
2015-02-02,0.8501
2015-02-03,0.821
2015-02-04,0.8253
2015-02-05,0.8454
2015-02-06,0.8244
2015-02-09,0.832
2015-02-10,0.8174
2015-02-11,0.8345
2015-02-12,0.8525
2015-02-13,0.9312
2015-02-16,0.9001
2015-02-18,0.9191
2015-02-19,0.926
2015-02-20,0.8788
2015-02-23,0.8052
2015-02-24,0.8207
2015-02-25,0.8273
2015-02-26,0.897
2015-02-27,0.8475
2015-03-02,0.8951
2015-03-03,0.937
2015-03-04,0.9312
2015-03-05,0.9372
2015-03-09,0.8736
2015-03-10,0.8885
2015-03-11,0.8942
2015-03-12,0.9187
2015-03-13,0.8707
2015-03-16,0.8501
2015-03-17,0.8543
2015-03-18,0.8413
2015-03-19,0.8178
2015-03-20,0.8102
2015-03-23,0.7967
2015-03-24,0.8315
2015-03-25,0.7976
2015-03-26,0.8701
2015-03-27,0.8295
2015-03-30,0.8587
2015-03-31,0.8577
2015-04-01,0.9654
2015-04-06,0.978
2015-04-07,1.0001
2015-04-08,1.0255
2015-04-09,1.0608
2015-04-10,1.0589
2015-04-13,1.0914
2015-04-15,1.0273
2015-04-16,0.9779
2015-04-17,0.9267
2015-04-20,0.8489
2015-04-21,0.8155
2015-04-22,0.8075
2015-04-23,0.814
2015-04-24,0.7858
2015-04-27,0.7416
2015-04-28,0.8049
2015-04-29,0.7793
2015-04-30,0.9606
2015-05-04,0.9826
2015-05-05,0.9526
2015-05-06,0.8933
2015-05-07,0.9028
2015-05-08,0.9332
2015-05-11,1.015
2015-05-12,0.9166
2015-05-13,0.9474
2015-05-14,0.9106
2015-05-15,0.9203
2015-05-18,1.0089
2015-05-19,0.9844
2015-05-20,1.04
2015-05-21,1.0658
2015-05-22,1.0666
2015-05-25,0.9862
2015-05-26,0.945
2015-05-27,0.9625
2015-05-28,0.9661
2015-05-29,0.9623
2015-06-01,0.9424
2015-06-02,0.8943
2015-06-03,0.8511
2015-06-04,0.8502
2015-06-05,0.8655
2015-06-08,0.8318
2015-06-09,0.8108
2015-06-10,0.8308
2015-06-11,0.7985
2015-06-12,0.8077
2015-06-15,0.8441
2015-06-16,0.844
2015-06-17,0.8456
2015-06-18,0.9201
2015-06-19,1.0058
2015-06-22,1.1058
2015-06-23,1.146
2015-06-24,1.127
2015-06-25,1.0748
2015-06-26,1.0274
2015-06-29,1.08
2015-06-30,1.0796
2015-07-01,1.1123
2015-07-02,1.1009
2015-07-03,1.1157
2015-07-06,1.131
2015-07-07,1.1328
2015-07-08,1.0833
2015-07-09,1.0316
2015-07-10,1.0295
2015-07-13,1.0417
2015-07-14,1.0408
2015-07-15,1.1154
2015-07-16,1.1725
2015-07-17,1.1917
2015-07-20,1.1761
2015-07-21,1.1151
2015-07-22,1.1864
2015-07-23,1.1054
2015-07-24,1.0111
2015-07-27,0.8724
2015-07-28,0.8586
2015-07-29,0.8986
2015-07-30,0.8656
2015-07-31,0.9174
2015-08-03,0.9203
2015-08-04,0.9208
2015-08-05,0.9505
2015-08-06,0.9743
2015-08-07,0.9747
2015-08-10,0.9539
2015-08-11,0.8803
2015-08-12,0.8192
2015-08-13,0.8233
2015-08-14,0.9471
2015-08-17,0.8983
2015-08-18,0.9263
2015-08-19,0.9755
2015-08-20,0.8485
2015-08-21,0.8106
2015-08-24,0.6909
2015-08-25,0.711
2015-08-26,0.6834
2015-08-27,0.9373
2015-08-28,0.9817
2015-08-31,1.0156
2015-09-01,0.9823
2015-09-02,0.9463
2015-09-03,0.9542
2015-09-04,0.9157
2015-09-07,0.9054
2015-09-08,0.9114
2015-09-09,0.9178
2015-09-10,0.9336
2015-09-11,0.9127
2015-09-14,0.9337
2015-09-15,0.9116
2015-09-16,0.9436
2015-09-18,1.0029
2015-09-21,0.9909
2015-09-22,0.9275
2015-09-23,0.9439
2015-09-24,1.0157
2015-09-28,0.9469
2015-09-29,0.9533
2015-09-30,0.961
2015-10-01,0.9362
2015-10-05,1.0154
2015-10-06,1.037
2015-10-07,1.0798
2015-10-08,1.0551
2015-10-09,1.0508
2015-10-12,1.0233
2015-10-13,1.043
2015-10-14,1.0105
2015-10-15,1.0171
2015-10-16,1.035
2015-10-19,1.0378
2015-10-20,1.0406
2015-10-21,1.0507
2015-10-23,1.0737
2015-10-26,1.0915
2015-10-27,1.114
2015-10-28,1.0434
2015-10-29,0.8395
2015-10-30,0.8138
2015-11-02,0.8251
2015-11-03,0.8389
2015-11-04,0.8318
2015-11-05,0.7981
2015-11-06,0.7762
2015-11-09,0.7291
2015-11-10,0.6879
2015-11-11,0.6861
2015-11-13,0.68
2015-11-16,0.6815
2015-11-17,0.6882
2015-11-18,0.6777
2015-11-19,0.7467
2015-11-20,0.7517
2015-11-23,0.738
2015-11-24,0.7433
2015-11-26,0.8257
2015-11-27,0.8847
2015-11-30,0.8809
2015-12-01,0.8468
2015-12-02,0.8199
2015-12-03,0.7772
2015-12-04,0.7749
2015-12-07,0.756
2015-12-08,0.7607
2015-12-09,0.758
2015-12-10,0.7654
2015-12-11,0.7302
2015-12-14,0.7695
2015-12-15,0.7946
2015-12-16,0.7942
2015-12-17,0.789
2015-12-18,0.7501
2015-12-21,0.7801
2015-12-22,0.7687
2015-12-23,0.7992
2015-12-24,0.8
2015-12-28,0.8298
2015-12-29,0.8542
2015-12-30,0.8299
2015-12-31,0.7659
2016-01-01,0.7597
2016-01-04,0.829
2016-01-05,0.8219
2016-01-06,0.8142
2016-01-07,0.8003
2016-01-08,0.7759
2016-01-11,0.7689
2016-01-12,0.7463
2016-01-13,0.7498
2016-01-14,0.7717
2016-01-15,0.7442
2016-01-18,0.729
2016-01-19,0.7413
2016-01-20,0.7451
2016-01-21,0.7426
2016-01-22,0.7988
2016-01-25,0.7798
2016-01-27,0.7809
2016-01-28,0.8664
2016-01-29,0.8764
2016-02-01,0.8403
2016-02-02,0.7789
2016-02-03,0.7632
2016-02-04,0.7695
2016-02-05,0.8001
2016-02-08,0.7712
2016-02-09,0.7825
2016-02-11,0.7225
2016-02-12,0.7131
2016-02-15,0.7519
2016-02-16,0.7296
2016-02-17,0.7422
2016-02-18,0.76
2016-02-19,0.7477
2016-02-22,0.7415
2016-02-23,0.6882
2016-02-24,0.6483
2016-02-25,0.8375
2016-02-26,0.8114
2016-02-29,0.7953
2016-03-01,0.8568
2016-03-02,0.9076
2016-03-03,0.9685
2016-03-04,0.9694
2016-03-08,0.9661
2016-03-09,0.9698
2016-03-10,0.934
2016-03-11,0.9254
2016-03-14,0.9301
2016-03-15,0.9183
2016-03-16,0.9248
2016-03-17,0.9209
2016-03-18,0.9612
2016-03-21,1.025
2016-03-22,1.0161
2016-03-23,1.0073
2016-03-28,0.9199
2016-03-29,0.9314
2016-03-30,1.0437
2016-03-31,0.7552
2016-04-01,0.8119
2016-04-04,0.81
2016-04-05,0.7399
2016-04-06,0.7232
2016-04-07,0.7048
2016-04-08,0.7003
2016-04-11,0.765
2016-04-12,0.7895
2016-04-13,0.9189
2016-04-18,0.9837
2016-04-20,0.9901
2016-04-21,0.9823
2016-04-22,0.9647
2016-04-25,0.9507
2016-04-26,1.0485
2016-04-27,1.0553
2016-04-28,0.8831
2016-04-29,0.8926
2016-05-02,0.8468
2016-05-03,0.8082
2016-05-04,0.7674
2016-05-05,0.7683
2016-05-06,0.7413
2016-05-09,0.8188
2016-05-10,0.8497
2016-05-11,0.8494
2016-05-12,0.8903
2016-05-13,0.809
2016-05-16,0.8277
2016-05-17,0.8644
2016-05-18,0.8541
2016-05-19,0.7755
2016-05-20,0.7609
2016-05-23,0.7536
2016-05-24,0.7896
2016-05-25,0.9387
2016-05-26,0.9322
2016-05-27,0.9556
2016-05-30,0.9784
2016-05-31,0.9666
2016-06-01,0.9555
2016-06-02,0.9688
2016-06-03,0.9658
2016-06-06,0.9668
2016-06-07,1.0101
2016-06-08,1.0517
2016-06-09,1.0338
2016-06-10,1.0084
2016-06-13,0.9742
2016-06-14,0.9643
2016-06-15,1.0477
2016-06-16,0.9818
2016-06-17,0.9905
2016-06-20,1.0319
2016-06-21,1.0128
2016-06-22,0.9839
2016-06-23,1.0565
2016-06-24,0.9552
2016-06-27,0.9526
2016-06-28,0.972
2016-06-29,1.0487
2016-06-30,0.9252
2016-07-01,0.9472
2016-07-04,1.0026
2016-07-05,0.9696
2016-07-07,0.9711
2016-07-08,0.953
2016-07-11,1.0053
2016-07-12,1.0589
2016-07-13,1.0058
2016-07-14,1.0098
2016-07-15,0.9818
2016-07-18,0.9524
2016-07-19,0.9642
2016-07-20,0.9934
2016-07-21,0.9313
2016-07-22,0.9551
2016-07-25,1.0212
2016-07-26,0.981
2016-07-27,0.9921
2016-07-28,0.8938
2016-07-29,0.8824
2016-08-01,0.8448
2016-08-02,0.8144
2016-08-03,0.761
2016-08-04,0.8189
2016-08-05,0.8979
2016-08-08,0.9198
2016-08-09,0.893
2016-08-10,0.8268
2016-08-11,0.8527
2016-08-12,0.9178
2016-08-16,0.906
2016-08-17,0.8954
2016-08-18,0.9432
2016-08-19,0.9685
2016-08-22,0.8901
2016-08-23,0.9095
2016-08-24,0.9379
2016-08-25,0.9662
2016-08-26,0.9815
2016-08-29,0.9876
2016-08-30,1.0326
2016-08-31,1.0854
2016-09-01,1.0229
2016-09-02,1.0479
2016-09-06,1.1365
2016-09-07,1.1325
2016-09-08,1.112
2016-09-09,1.0539
2016-09-12,0.9594
2016-09-14,0.9599
2016-09-15,0.9772
2016-09-16,0.9949
2016-09-19,1.0057
2016-09-20,0.9866
2016-09-21,0.9919
2016-09-22,1.0451
2016-09-23,1.0204
2016-09-26,0.9507
2016-09-27,0.9329
2016-09-28,0.9939
2016-09-29,0.9037
2016-09-30,0.8915
2016-10-03,0.9035
2016-10-04,0.9194
2016-10-05,0.8781
2016-10-06,0.8968
2016-10-07,0.8848
2016-10-10,0.869
2016-10-13,0.8374
2016-10-14,0.8424
2016-10-17,0.7981
2016-10-18,0.9189
2016-10-19,0.9158
2016-10-20,0.9074
2016-10-21,0.9214
2016-10-24,0.9276
2016-10-25,0.9191
2016-10-26,0.8373
2016-10-27,0.919
2016-10-28,0.9431
2016-11-01,0.9261
2016-11-02,0.893
2016-11-03,0.8838
2016-11-04,0.8707
2016-11-07,0.8855
2016-11-08,0.9008
2016-11-09,0.9151
2016-11-10,0.8986
2016-11-11,0.7581
2016-11-15,0.6726
2016-11-16,0.6897
2016-11-17,0.697
2016-11-18,0.6966
2016-11-21,0.644
2016-11-22,0.6672
2016-11-23,0.6878
2016-11-24,0.9118
2016-11-25,0.9296
2016-11-28,0.9331
2016-11-29,0.9425
2016-11-30,1.0261
2016-12-01,1.0027
2016-12-02,0.9719
2016-12-05,0.9706
2016-12-06,0.9514
2016-12-07,0.9398
2016-12-08,1.023
2016-12-09,1.0483
2016-12-12,0.9948
2016-12-13,1.0078
2016-12-14,0.9937
2016-12-15,0.9744
2016-12-16,0.9489
2016-12-19,0.9193
2016-12-20,0.874
2016-12-21,0.884
2016-12-22,0.8463
2016-12-23,0.8577
2016-12-26,0.7775
2016-12-27,0.881
2016-12-28,0.901
2016-12-29,0.9833
2016-12-30,1.0115
2017-01-02,0.9949
2017-01-03,1.0043
2017-01-04,0.9587
2017-01-05,1.022
2017-01-06,1.0283
2017-01-09,1.014
2017-01-10,1.0297
2017-01-11,1.1306
2017-01-12,1.1038
2017-01-13,1.0921
2017-01-16,1.1198
2017-01-17,1.0833
2017-01-18,1.0716
2017-01-19,1.0732
2017-01-20,1.0072
2017-01-23,1.0531
2017-01-24,1.1318
2017-01-25,0.9698
2017-01-27,0.944
2017-01-30,0.9058
2017-01-31,0.8972
2017-02-01,0.9445
2017-02-02,0.9487
2017-02-03,0.975
2017-02-06,0.9867
2017-02-07,0.9703
2017-02-08,0.9555
2017-02-09,0.9763
2017-02-10,0.9629
2017-02-13,0.9594
2017-02-14,0.9469
2017-02-15,0.8922
2017-02-16,0.9333
2017-02-17,0.9793
2017-02-20,1.0216
2017-02-21,1.0667
2017-02-22,1.0522
2017-02-23,0.9331
2017-02-27,0.8879
2017-02-28,0.8796
2017-03-01,0.9041
2017-03-02,0.8779
2017-03-03,0.8559
2017-03-06,0.8626
2017-03-07,0.8508
2017-03-08,0.8384
2017-03-09,0.8198
2017-03-10,0.7902
2017-03-14,0.8555
2017-03-15,0.9143
2017-03-16,0.9593
2017-03-17,0.9811
2017-03-20,0.9387
2017-03-21,0.8966
2017-03-22,0.8397
2017-03-23,0.9112
2017-03-24,0.9234
2017-03-27,0.9071
2017-03-28,0.9545
2017-03-29,1.0154
2017-03-30,0.9224
2017-03-31,0.8968
2017-04-03,0.9561
2017-04-05,0.9944
2017-04-06,0.9686
2017-04-07,0.9194
2017-04-10,0.9431
2017-04-11,1.0206
2017-04-12,0.9834
2017-04-13,0.9631
2017-04-17,0.9499
2017-04-18,0.9343
2017-04-19,0.9038
2017-04-20,0.9428
2017-04-21,0.9096
2017-04-24,1.0286
2017-04-25,1.0955
2017-04-26,1.1547
2017-04-27,1.0245
2017-04-28,1.025
2017-05-02,1.0146
2017-05-03,0.9958
2017-05-04,1.065
2017-05-05,0.9914
2017-05-08,1.004
2017-05-09,0.9944
2017-05-10,1.0611
2017-05-11,1.073
2017-05-12,1.0271
2017-05-15,1.0391
2017-05-16,1.1128
2017-05-17,1.1422
2017-05-18,1.0294
2017-05-19,1.0008
2017-05-22,0.957
2017-05-23,0.9438
2017-05-24,0.9176
2017-05-25,1.0117
2017-05-26,1.0416
2017-05-29,1.0182
2017-05-30,1.0325
2017-05-31,1.0678
2017-06-01,1.0127
2017-06-02,1.0124
2017-06-05,1.0459
2017-06-06,1.045
2017-06-07,1.0774
2017-06-08,1.0486
2017-06-09,1.0739
2017-06-12,1.0029
2017-06-13,1.0
2017-06-14,1.0417
2017-06-15,0.9993
2017-06-16,0.9917
2017-06-19,1.0584
2017-06-20,1.0503
2017-06-21,1.048
2017-06-22,1.0254
2017-06-23,0.9525
2017-06-27,0.8563
2017-06-28,0.8773
2017-06-29,1.0769
2017-06-30,1.0554
2017-07-03,1.0911
2017-07-04,1.072
2017-07-05,1.1464
2017-07-06,1.1734
2017-07-07,1.1522
2017-07-10,1.212
2017-07-11,1.1828
2017-07-12,1.2337
2017-07-13,1.2479
2017-07-14,1.2754
2017-07-17,1.285
2017-07-18,1.1689
2017-07-19,1.231
2017-07-20,1.1254
2017-07-21,1.1522
2017-07-24,1.2247
2017-07-25,1.25
2017-07-26,1.3545
2017-07-27,1.1815
2017-07-28,1.1025
2017-07-31,1.1304
2017-08-01,1.1093
2017-08-02,1.0345
2017-08-03,1.0309
2017-08-04,1.0749
2017-08-07,1.0533
2017-08-08,0.9354
2017-08-09,0.8837
2017-08-10,0.9247
2017-08-11,0.8883
2017-08-14,0.9246
2017-08-16,0.9953
2017-08-17,0.988
2017-08-18,0.9357
2017-08-21,0.8755
2017-08-22,0.8998
2017-08-23,0.9842
2017-08-24,1.0121
2017-08-28,1.0115
2017-08-29,0.9159
2017-08-30,0.9781
2017-08-31,1.2159
2017-09-01,1.2214
2017-09-04,1.1145
2017-09-05,1.1427
2017-09-06,1.1328
2017-09-07,1.1654
2017-09-08,1.17
2017-09-11,1.1837
2017-09-12,1.2488
2017-09-13,1.2731
2017-09-14,1.2651
2017-09-15,1.2279
2017-09-18,1.253
2017-09-19,1.2535
2017-09-20,1.2304
2017-09-21,1.1916
2017-09-22,1.0018
2017-09-25,0.926
2017-09-26,0.9201
2017-09-27,0.8263
2017-09-28,1.1326
2017-09-29,1.0633
2017-10-03,1.0748
2017-10-05,1.109
2017-10-06,1.1801
2017-10-09,1.1899
2017-10-10,1.2047
2017-10-11,1.1275
2017-10-12,1.2889
2017-10-13,1.4006
2017-10-16,1.3846
2017-10-17,1.3339
2017-10-18,1.3002
2017-10-19,1.2026
2017-10-23,1.2192
2017-10-24,1.2658
2017-10-25,1.3619
2017-10-26,1.2692
2017-10-27,1.1943
2017-10-30,1.2006
2017-10-31,1.2072
2017-11-01,1.2973
2017-11-02,1.2432
2017-11-03,1.2796
2017-11-06,1.254
2017-11-07,1.1353
2017-11-08,1.0695
2017-11-09,1.1049
2017-11-10,1.092
2017-11-13,1.0116
2017-11-14,0.9644
2017-11-15,0.9219
2017-11-16,0.9994
2017-11-17,1.0075
2017-11-20,1.0125
2017-11-21,1.0371
2017-11-22,1.0258
2017-11-23,1.0601
2017-11-24,1.1216
2017-11-27,1.1413
2017-11-28,1.0679
2017-11-29,1.0345
2017-11-30,1.1834
2017-12-01,1.0697
2017-12-04,1.0402
2017-12-05,1.03
2017-12-06,0.923
2017-12-07,1.0788
2017-12-08,1.1437
2017-12-11,1.1606
2017-12-12,1.0855
2017-12-13,1.0313
2017-12-14,1.1084
2017-12-15,1.1196
2017-12-18,1.1147
2017-12-19,1.2175
2017-12-20,1.2138
2017-12-21,1.2398
2017-12-22,1.2887
2017-12-26,1.2869
2017-12-27,1.2487
2017-12-28,1.3273
2017-12-29,1.3136
2018-01-01,1.2418
2018-01-02,1.177
2018-01-03,1.1245
2018-01-04,1.2245
2018-01-05,1.2455
2018-01-08,1.2309
2018-01-09,1.2366
2018-01-10,1.1853
2018-01-11,1.2752
2018-01-12,1.276
2018-01-15,1.3235
2018-01-16,1.2442
2018-01-17,1.3496
2018-01-18,1.2191
2018-01-19,1.3048
2018-01-22,1.3304
2018-01-23,1.4119
2018-01-24,1.3715
2018-01-25,1.2927
2018-01-29,1.2485
2018-01-30,1.1583
2018-01-31,1.0887
2018-02-01,1.0337
2018-02-02,0.9029
2018-02-05,0.9027
2018-02-06,0.9314
2018-02-07,0.8376
2018-02-08,0.929
2018-02-09,0.9182
2018-02-12,0.93
2018-02-14,0.8879
2018-02-15,0.9533
2018-02-16,0.9049
2018-02-19,0.8921
2018-02-20,0.906
2018-02-21,0.9622
2018-02-22,1.2888
2018-02-23,1.286
2018-02-26,1.3124
2018-02-27,1.1912
2018-02-28,1.1268
2018-03-01,1.0895
2018-03-05,1.024
2018-03-06,0.9258
2018-03-07,0.8694
2018-03-08,0.9816
2018-03-09,0.9532
2018-03-12,1.0853
2018-03-13,1.0745
2018-03-14,1.0886
2018-03-15,1.0375
2018-03-16,0.9469
2018-03-19,0.9057
2018-03-20,0.9067
2018-03-21,0.9271
2018-03-22,0.9277
2018-03-23,0.8945
2018-03-26,0.9986
2018-03-27,1.005
2018-03-28,1.3017
2018-04-02,1.2832
2018-04-03,1.2851
2018-04-04,1.1305
2018-04-05,1.2798
2018-04-06,1.308
2018-04-09,1.2893
2018-04-10,1.31
2018-04-11,1.2803
2018-04-12,1.337
2018-04-13,1.3337
2018-04-16,1.342
2018-04-17,1.3088
2018-04-18,1.2365
2018-04-19,1.3064
2018-04-20,1.2843
2018-04-23,1.285
2018-04-24,1.2909
2018-04-25,1.2176
2018-04-26,1.3199
2018-04-27,1.3416
2018-04-30,1.3243
2018-05-02,1.2892
2018-05-03,1.2148
2018-05-04,1.19
2018-05-07,1.2571
2018-05-08,1.2688
2018-05-09,1.2943
2018-05-10,1.1699
2018-05-11,1.2266
2018-05-14,1.22
2018-05-15,1.1721
2018-05-16,1.0643
2018-05-17,1.0731
2018-05-18,1.0066
2018-05-21,0.9416
2018-05-22,0.9393
2018-05-23,0.8869
2018-05-24,0.9928
2018-05-25,1.1102
2018-05-28,1.1758
2018-05-29,1.0458
2018-05-30,1.0725
2018-05-31,1.3032
2018-06-01,1.1616
2018-06-04,0.9936
2018-06-05,0.9352
2018-06-06,0.9959
2018-06-07,1.1487
2018-06-08,1.1124
2018-06-11,1.145
2018-06-12,1.1897
2018-06-13,1.1993
2018-06-14,1.1421
2018-06-15,1.105
2018-06-18,1.0779
2018-06-19,1.0385
2018-06-20,1.1272
2018-06-21,1.0609
2018-06-22,1.1837
2018-06-25,1.0597
2018-06-26,1.0581
2018-06-27,0.9599
2018-06-28,1.1549
2018-06-29,1.1446
2018-07-02,1.0781
2018-07-03,1.0984
2018-07-04,1.2026
2018-07-05,1.1418
2018-07-06,1.1415
2018-07-09,1.1805
2018-07-10,1.2652
2018-07-11,1.219
2018-07-12,1.2536
2018-07-13,1.2395
2018-07-16,1.0881
2018-07-17,1.2029
2018-07-18,1.1023
2018-07-19,1.1352
2018-07-20,1.1749
2018-07-23,1.2642
2018-07-24,1.2735
2018-07-25,1.2996
2018-07-26,1.4214
2018-07-27,1.3864
2018-07-30,1.4302
2018-07-31,1.3687
2018-08-01,1.2068
2018-08-02,1.1749
2018-08-03,1.2737
2018-08-06,1.2905
2018-08-07,1.2536
2018-08-08,1.3404
2018-08-09,1.2978
2018-08-10,1.2231
2018-08-13,1.1359
2018-08-14,1.1949
2018-08-16,1.1436
2018-08-17,1.2153
2018-08-20,1.2642
2018-08-21,1.2299
2018-08-23,1.2154
2018-08-24,1.1196
2018-08-27,1.3081
2018-08-28,1.3451
2018-08-29,1.2609
2018-08-30,1.2707
2018-08-31,1.174
2018-09-03,1.0368
2018-09-04,0.9503
2018-09-05,0.9255
2018-09-06,1.0453
2018-09-07,1.1005
2018-09-10,0.9574
2018-09-11,0.8435
2018-09-12,0.9458
2018-09-14,1.0045
2018-09-17,0.9173
2018-09-18,0.8118
2018-09-19,0.8331
2018-09-21,0.8118
2018-09-24,0.7585
2018-09-25,0.8302
2018-09-26,0.829
2018-09-27,1.0944
2018-09-28,1.0712
2018-10-01,1.1485
2018-10-03,1.0098
2018-10-04,0.9859
2018-10-05,0.8802
2018-10-08,0.916
2018-10-09,0.8923
2018-10-10,1.037
2018-10-11,0.9203
2018-10-12,1.013
2018-10-15,1.0183
2018-10-16,1.0378
2018-10-17,0.9197
2018-10-19,0.8767
2018-10-22,0.8985
2018-10-23,0.8658
2018-10-24,0.9078
2018-10-25,1.2805
2018-10-26,1.0263
2018-10-29,1.2729
2018-10-30,1.1036
2018-10-31,1.2694
2018-11-01,1.2441
2018-11-02,1.32
2018-11-05,1.2688
2018-11-06,1.178
2018-11-07,1.213
2018-11-09,1.2307
2018-11-12,1.0713
2018-11-13,1.1956
2018-11-14,1.1961
2018-11-15,1.2364
2018-11-16,1.2342
2018-11-19,1.2959
2018-11-20,1.1446
2018-11-21,1.1633
2018-11-22,1.0663
2018-11-26,1.2422
2018-11-27,1.2973
2018-11-28,1.2893
2018-11-29,1.4287
2018-11-30,1.2884
2018-12-03,1.1854
2018-12-04,1.1297
2018-12-05,0.9924
2018-12-06,1.0661
2018-12-07,1.1463
2018-12-10,1.0145
2018-12-11,1.0713
2018-12-12,1.2242
2018-12-13,1.1663
2018-12-14,1.1571
2018-12-17,1.2372
2018-12-18,1.267
2018-12-19,1.2662
2018-12-20,1.2107
2018-12-21,0.9584
2018-12-24,0.9339
2018-12-26,1.1003
2018-12-27,1.2056
2018-12-28,1.2354
2018-12-31,1.1751
2019-01-01,1.2268
2019-01-02,1.0235
2019-01-03,1.0138
2019-01-04,1.098
2019-01-07,1.0988
2019-01-08,1.178
2019-01-09,1.2107
2019-01-10,1.0948
2019-01-11,1.0117
2019-01-14,0.9633
2019-01-15,1.0802
2019-01-16,1.0771
2019-01-17,1.1118
2019-01-18,1.1148
2019-01-21,1.1409
2019-01-22,1.0931
2019-01-23,0.9725
2019-01-24,1.0489
2019-01-25,0.9913
2019-01-28,0.8856
2019-01-29,0.8852
2019-01-30,0.9396
2019-01-31,1.4315
2019-02-01,1.1352
2019-02-04,1.2111
2019-02-05,1.1986
2019-02-06,1.273
2019-02-07,1.2991
2019-02-08,1.1618
2019-02-11,1.1176
2019-02-12,0.9905
2019-02-13,0.9203
2019-02-14,1.0761
2019-02-15,1.0188
2019-02-18,0.9202
2019-02-19,0.922
2019-02-20,1.0801
2019-02-21,1.1109
2019-02-22,1.0655
2019-02-25,1.1666
2019-02-26,1.1165
2019-02-27,1.0925
2019-02-28,1.4645
2019-03-01,1.4365
2019-03-05,1.5526
2019-03-06,1.4603
2019-03-07,1.2419
2019-03-08,1.2459
2019-03-11,1.3371
2019-03-12,1.44
2019-03-13,1.4468
2019-03-14,1.2848
2019-03-15,1.356
2019-03-18,1.2697
2019-03-19,1.3084
2019-03-20,1.2494
2019-03-22,1.1201
2019-03-25,1.0624
2019-03-26,1.2276
2019-03-27,1.1519
2019-03-28,1.3105
2019-03-29,1.1658
2019-04-01,1.0868
2019-04-02,1.1143
2019-04-03,0.9679
2019-04-04,1.0717
2019-04-05,1.1218
2019-04-08,0.9384
2019-04-09,1.0787
2019-04-10,0.8906
2019-04-11,1.0089
2019-04-12,1.0723
2019-04-15,1.1008
2019-04-16,1.2602
2019-04-18,1.0952
2019-04-22,0.8923
2019-04-23,0.8536
2019-04-24,1.0756
2019-04-25,1.2076
2019-04-26,1.3103
2019-04-30,1.0742
2019-05-02,1.1131
2019-05-03,1.1185
2019-05-06,0.9913
2019-05-07,0.8136
2019-05-08,0.7598
2019-05-09,1.0069
2019-05-10,0.9662
2019-05-13,0.8699
2019-05-14,0.9743
2019-05-15,0.8295
2019-05-16,1.0392
2019-05-17,1.0082
2019-05-20,1.0118
2019-05-21,0.9539
2019-05-22,0.9386
2019-05-23,0.837
2019-05-24,0.9997
2019-05-27,1.0706
2019-05-28,1.069
2019-05-29,0.9125
2019-05-30,1.2844
2019-05-31,1.0667
2019-06-03,1.3345
2019-06-04,1.1795
2019-06-06,0.9586
2019-06-07,0.9848
2019-06-10,0.9541
2019-06-11,1.121
2019-06-12,0.9667
2019-06-13,1.0141
2019-06-14,0.8518
2019-06-17,0.7576
2019-06-18,0.8036
2019-06-19,0.8055
2019-06-20,1.1096
2019-06-21,0.9963
2019-06-24,0.9705
2019-06-25,1.1483
2019-06-26,1.2857
2019-06-27,1.2314
2019-06-28,1.01
2019-07-01,1.1101
2019-07-02,1.0797
2019-07-03,1.0697
2019-07-04,1.0097
2019-07-05,0.8643
2019-07-08,0.6952
2019-07-09,0.7237
2019-07-10,0.6836
2019-07-11,0.9374
2019-07-12,0.8719
2019-07-15,0.8534
2019-07-16,0.9506
2019-07-17,1.0162
2019-07-18,0.8658
2019-07-19,0.747
2019-07-22,0.7458
2019-07-23,0.7403
2019-07-24,0.7184
2019-07-25,1.1514
2019-07-26,1.1816
2019-07-29,0.9918
2019-07-30,0.7875
2019-07-31,0.8855
2019-08-01,0.8879
2019-08-02,0.9234
2019-08-05,0.788
2019-08-06,0.9066
2019-08-07,0.7595
2019-08-08,0.952
2019-08-09,0.9864
2019-08-13,0.7314
2019-08-14,0.9101
2019-08-16,0.9724
2019-08-19,0.9296
2019-08-20,0.8726
2019-08-21,0.744
2019-08-22,0.7458
2019-08-23,0.7916
2019-08-26,0.9918
2019-08-27,1.0039
2019-08-28,0.8783
2019-08-29,0.7545
2019-08-30,1.0566
2019-09-03,0.7901
2019-09-04,0.8989
2019-09-05,0.9757
2019-09-06,1.0481
2019-09-09,1.1636
2019-09-11,1.2027
2019-09-12,1.0331
2019-09-13,1.1476
2019-09-16,0.9792
2019-09-17,0.7777
2019-09-18,0.8001
2019-09-19,0.8132
2019-09-20,1.2067
2019-09-23,1.2716
2019-09-24,1.1813
2019-09-25,1.0189
2019-09-26,1.1652
2019-09-27,1.0121
2019-09-30,0.857
2019-10-01,0.7385
2019-10-03,0.9452
2019-10-04,0.7759
2019-10-07,0.7922
2019-10-09,1.0341
2019-10-10,0.9146
2019-10-11,0.8794
2019-10-14,0.926
2019-10-15,1.0532
2019-10-16,1.0079
2019-10-17,1.085
2019-10-18,1.1177
2019-10-22,1.0494
2019-10-23,1.0305
2019-10-24,0.9437
2019-10-25,0.9755
2019-10-29,1.2313
2019-10-30,1.2359
2019-10-31,1.1962
2019-11-01,1.2101
2019-11-04,1.1451
2019-11-05,1.064
2019-11-06,1.2284
2019-11-07,1.0903
2019-11-08,1.0486
2019-11-11,1.1207
2019-11-13,0.8501
2019-11-14,1.0006
2019-11-15,1.0596
2019-11-18,1.0013
2019-11-19,1.1284
2019-11-20,1.1711
2019-11-21,1.0526
2019-11-22,0.959
2019-11-25,1.2355
2019-11-26,1.2077
2019-11-27,1.3154
2019-11-28,1.4244
2019-11-29,1.1907
2019-12-02,1.1266
2019-12-03,0.9853
2019-12-04,1.1667
2019-12-05,1.0686
2019-12-06,0.8987
2019-12-09,0.9467
2019-12-10,0.8753
2019-12-11,0.8995
2019-12-12,1.1141
2019-12-13,1.1973
2019-12-16,1.0973
2019-12-17,1.2164
2019-12-18,1.291
2019-12-19,1.2095
2019-12-20,1.248
2019-12-23,1.2131
2019-12-24,1.1632
2019-12-26,1.1766
2019-12-27,1.3353
2019-12-30,1.1572
2019-12-31,0.9616
2020-01-01,0.9353
2020-01-02,1.2174
2020-01-03,1.0743
2020-01-06,0.9025
2020-01-07,0.9423
2020-01-08,1.0638
2020-01-09,1.2858
2020-01-10,1.2161
2020-01-13,1.2363
2020-01-14,1.2275
2020-01-15,1.078
2020-01-16,1.1111
2020-01-17,1.0541
2020-01-20,0.8144
2020-01-21,0.8101
2020-01-22,0.7523
2020-01-23,0.9652
2020-01-24,1.0952
2020-01-27,0.8534
2020-01-28,0.7938
2020-01-29,0.8979
2020-01-30,1.0881
2020-01-31,0.927
2020-02-03,0.8034
2020-02-04,1.0482
2020-02-05,1.1501
2020-02-06,1.142
2020-02-07,1.1116
2020-02-10,1.0349
2020-02-11,1.1076
2020-02-12,1.2189
2020-02-13,1.0196
2020-02-14,0.8883
2020-02-17,0.8029
2020-02-18,0.7945
2020-02-19,0.9743
2020-02-20,1.0113
2020-02-24,0.839
2020-02-25,0.8288
2020-02-26,0.8245
2020-02-27,1.151
2020-02-28,0.9039
2020-03-02,0.9202
2020-03-03,1.0106
2020-03-04,0.903
2020-03-05,1.116
2020-03-06,0.9726
2020-03-09,0.8125
2020-03-11,0.8448
2020-03-12,0.8714
2020-03-13,0.8768
2020-03-16,0.745
2020-03-17,0.7566
2020-03-18,0.7057
2020-03-19,0.8677
2020-03-20,0.8965
2020-03-23,0.7551
2020-03-24,0.8227
2020-03-25,0.9709
2020-03-26,1.2881
2020-03-27,1.0713
2020-03-30,0.9456
2020-03-31,1.0219
2020-04-01,1.0892
2020-04-03,0.9805
2020-04-07,1.2933
2020-04-08,1.1378
2020-04-09,1.2653
2020-04-13,1.1793
2020-04-15,1.0412
2020-04-16,1.1768
2020-04-17,1.1812
2020-04-20,1.1135
2020-04-21,0.9468
2020-04-22,1.0503
2020-04-23,1.161
2020-04-24,1.0591
2020-04-27,1.0887
2020-04-28,1.2173
2020-04-29,1.2861
2020-04-30,1.4617
2020-05-04,1.0356
2020-05-05,0.9164
2020-05-06,1.0151
2020-05-07,1.0752
2020-05-08,0.9775
2020-05-11,0.9184
2020-05-12,0.9228
2020-05-13,0.8789
2020-05-14,0.8919
2020-05-15,0.8273
2020-05-18,0.6973
2020-05-19,0.767
2020-05-20,0.8682
2020-05-21,0.9027
2020-05-22,0.8427
2020-05-26,0.8182
2020-05-27,1.196
2020-05-28,1.2886
2020-05-29,1.3309
2020-06-01,1.2374
2020-06-02,1.3077
2020-06-03,1.2576
2020-06-04,1.1526
2020-06-05,1.1756
2020-06-08,1.0633
2020-06-09,0.9733
2020-06-10,1.0837
2020-06-11,1.047
2020-06-12,1.1062
2020-06-15,1.0128
2020-06-16,0.9915
2020-06-17,0.9946
2020-06-18,1.1422
2020-06-19,1.1894
2020-06-22,1.2054
2020-06-23,1.2822
2020-06-24,0.9839
2020-06-25,1.1237
2020-06-26,1.0202
2020-06-29,0.9987
2020-06-30,0.9264
2020-07-01,1.1358
2020-07-02,1.113
2020-07-03,1.0627
2020-07-06,1.1326
2020-07-07,1.2171
2020-07-08,1.0646
2020-07-09,1.1432
2020-07-10,1.0186
2020-07-13,0.9458
2020-07-14,0.7958
2020-07-15,0.818
2020-07-16,1.0255
2020-07-17,1.1299
2020-07-20,1.1376
2020-07-21,1.2264
2020-07-22,1.1874
2020-07-23,1.191
2020-07-24,1.1036
2020-07-27,0.9528
2020-07-28,1.1085
2020-07-29,0.9846
2020-07-30,1.0973
2020-07-31,0.998
2020-08-03,0.8562
2020-08-04,1.0377
2020-08-05,0.9557
2020-08-06,1.1004
2020-08-07,1.123
2020-08-10,1.1117
2020-08-11,1.055
2020-08-12,1.0564
2020-08-13,1.0134
2020-08-14,0.9183
2020-08-17,1.0157
2020-08-18,1.1334
2020-08-19,1.1133
2020-08-20,0.991
2020-08-21,1.0433
2020-08-24,1.1748
2020-08-25,1.1828
2020-08-26,1.3008
2020-08-27,1.2556
2020-08-28,1.3027
2020-08-31,0.8828
2020-09-01,0.9367
2020-09-02,0.9655
2020-09-03,0.9616
2020-09-04,0.878
2020-09-07,0.8736
2020-09-08,0.8679
2020-09-09,0.8231
2020-09-10,0.9635
2020-09-11,0.9556
2020-09-14,0.8553
2020-09-15,0.9472
2020-09-16,0.9859
2020-09-17,0.881
2020-09-18,0.8573
2020-09-21,0.7491
2020-09-22,0.7547
2020-09-23,0.7869
2020-09-24,0.8859
2020-09-25,1.04
2020-09-28,1.1202
2020-09-29,1.0053
2020-09-30,1.0758
2020-10-01,1.1364
2020-10-05,1.0026
2020-10-06,1.1474
2020-10-07,1.1423
2020-10-08,1.0919
2020-10-09,1.1873
2020-10-12,1.0047
2020-10-13,0.9675
2020-10-14,1.0121
2020-10-15,0.9214
2020-10-16,0.9444
2020-10-19,1.0263
2020-10-20,1.0771
2020-10-21,1.0943
2020-10-22,1.0165
2020-10-23,0.983
2020-10-26,0.8541
2020-10-27,1.1147
2020-10-28,0.9385
2020-10-29,1.196
2020-10-30,1.0586
2020-11-02,1.1849
2020-11-03,1.2693
2020-11-04,1.2329
2020-11-05,1.2412
2020-11-06,1.3453
2020-11-09,1.333
2020-11-10,1.3367
2020-11-11,1.297
2020-11-12,1.1067
2020-11-13,1.1311
2020-11-17,1.2089
2020-11-18,1.2706
2020-11-19,1.0389
2020-11-20,1.1225
2020-11-23,1.078
2020-11-24,1.2897
2020-11-25,0.9885
2020-11-26,1.1225
2020-11-27,1.0301
2020-12-01,1.1211
2020-12-02,1.0322
2020-12-03,1.1419
2020-12-04,1.1849
2020-12-07,1.2297
2020-12-08,1.1878
2020-12-09,1.3028
2020-12-10,1.101
2020-12-11,1.0586
2020-12-14,1.0463
2020-12-15,1.0435
2020-12-16,1.0882
2020-12-17,1.1883
2020-12-18,1.0827
2020-12-21,0.8067
2020-12-22,0.9188
2020-12-23,1.0557
2020-12-24,1.1213
2020-12-28,1.1741
2020-12-29,1.167
2020-12-30,1.175
2020-12-31,1.127
2021-01-01,1.0274
2021-01-04,1.0059
2021-01-05,1.2057
2021-01-06,1.0109
2021-01-07,1.0366
2021-01-08,1.1381
2021-01-11,1.117
2021-01-12,1.1413
2021-01-13,1.0497
2021-01-14,1.0382
2021-01-15,0.8699
2021-01-18,0.8038
2021-01-19,0.9504
2021-01-20,0.9797
2021-01-21,0.9713
2021-01-22,0.7713
2021-01-25,0.7655
2021-01-27,0.6829
2021-01-28,0.9838
2021-01-29,0.836
2021-02-01,1.2406
2021-02-02,1.2112
2021-02-03,1.2501
2021-02-04,1.1137
2021-02-05,1.0584
2021-02-08,1.0649
2021-02-09,1.0242
2021-02-10,0.9555
2021-02-11,1.0021
2021-02-12,0.9776
2021-02-15,1.1573
2021-02-16,0.955
2021-02-17,0.9094
2021-02-18,0.8945
2021-02-19,0.8344
2021-02-22,0.751
2021-02-23,0.7978
2021-02-24,1.0587
2021-02-25,0.9927
2021-02-26,0.7337
2021-03-01,0.817
2021-03-02,0.8816
2021-03-03,1.1057
2021-03-04,0.9412
2021-03-05,0.8187
2021-03-08,0.8022
2021-03-09,0.8672
2021-03-10,0.9163
2021-03-12,0.7641
2021-03-15,0.7339
2021-03-16,0.7
2021-03-17,0.6541
2021-03-18,0.7775
2021-03-19,0.8684
2021-03-22,0.8119
2021-03-23,0.9357
2021-03-24,0.768
2021-03-25,0.9623
2021-03-26,0.9634
2021-03-30,1.087
2021-03-31,0.914
2021-04-01,1.0038
2021-04-05,0.7976
2021-04-06,0.8264
2021-04-07,1.0053
2021-04-08,0.9549
2021-04-09,0.8908
2021-04-12,0.6755
2021-04-13,0.9236
2021-04-15,0.9408
2021-04-16,0.9529
2021-04-19,0.9153
2021-04-20,0.8322
2021-04-22,0.9411
2021-04-23,0.9419
2021-04-26,1.0281
2021-04-27,1.1366
2021-04-28,1.2534
2021-04-29,1.1501
2021-04-30,0.8845
2021-05-03,0.8846
2021-05-04,0.7977
2021-05-05,0.9077
2021-05-06,0.9718
2021-05-07,0.9714
2021-05-10,0.9851
2021-05-11,0.9442
2021-05-12,0.8713
2021-05-14,0.7886
2021-05-17,1.0542
2021-05-18,1.0268
2021-05-19,0.9151
2021-05-20,0.8276
2021-05-21,0.956
2021-05-24,0.9189
2021-05-25,0.8632
2021-05-26,0.9499
2021-05-27,0.9828
2021-05-28,0.9204
2021-05-31,1.0241
2021-06-01,0.8855
2021-06-02,0.8806
2021-06-03,0.9432
2021-06-04,0.8372
2021-06-07,0.8481
2021-06-08,0.7943
2021-06-09,0.7152
2021-06-10,0.8576
2021-06-11,0.8197
2021-06-14,0.8228
2021-06-15,0.8724
2021-06-16,0.7502
2021-06-17,0.7625
2021-06-18,0.7863
2021-06-21,0.8847
2021-06-22,0.7899
2021-06-23,0.7584
2021-06-24,0.9624
2021-06-25,0.9968
2021-06-28,0.8537
2021-06-29,0.7497
2021-06-30,0.7401
2021-07-01,0.833
2021-07-02,0.8526
2021-07-05,0.9582
2021-07-06,0.9572
2021-07-07,1.0296
2021-07-08,0.8218
2021-07-09,0.7808
2021-07-12,0.7418
2021-07-13,0.9221
2021-07-14,0.9554
2021-07-15,0.9183
2021-07-16,0.8578
2021-07-19,0.7091
2021-07-20,0.6497
2021-07-22,0.7844
2021-07-23,0.8557
2021-07-26,0.8608
2021-07-27,0.7575
2021-07-28,0.7526
2021-07-29,0.9305
2021-07-30,0.8887
2021-08-02,0.9425
2021-08-03,1.2295
2021-08-04,1.2057
2021-08-05,1.0586
2021-08-06,0.9684
2021-08-09,0.9711
2021-08-10,0.9261
2021-08-11,0.8639
2021-08-12,1.0092
2021-08-13,1.1119
2021-08-16,1.0836
2021-08-17,1.0487
2021-08-18,0.8849
2021-08-20,0.8106
2021-08-23,0.804
2021-08-24,1.0378
2021-08-25,0.9613
2021-08-26,0.994
2021-08-27,1.0832
2021-08-30,1.2664
2021-08-31,1.2544
2021-09-01,0.9955
2021-09-02,1.0633
2021-09-03,0.9677
2021-09-06,0.8917
2021-09-07,0.8634
2021-09-08,0.9326
2021-09-09,0.9694
2021-09-13,0.9145
2021-09-14,0.8811
2021-09-15,1.0285
2021-09-16,1.0139
2021-09-17,0.8891
2021-09-20,0.7509
2021-09-21,0.8234
2021-09-22,0.8063
2021-09-23,0.9762
2021-09-24,0.9118
2021-09-27,0.9055
2021-09-28,0.7947
2021-09-29,0.8281
2021-09-30,0.8204
2021-10-01,0.8095
2021-10-04,0.8897
2021-10-05,0.9389
2021-10-06,0.7339
2021-10-07,0.9046
2021-10-08,0.8964
2021-10-11,1.0063
2021-10-12,1.021
2021-10-13,1.0595
2021-10-14,0.983
2021-10-18,0.9852
2021-10-19,0.8823
2021-10-20,0.7686
2021-10-21,0.7503
2021-10-22,0.7245
2021-10-25,0.7746
2021-10-26,0.8309
2021-10-27,0.7361
2021-10-28,0.7171
2021-10-29,0.6511
2021-11-01,0.7805
2021-11-02,0.7091
2021-11-03,0.7388
2021-11-04,0.7815
2021-11-08,0.811
2021-11-09,0.731
2021-11-10,0.704
2021-11-11,0.6958
2021-11-12,0.7907
2021-11-15,0.7018
2021-11-16,0.6496
2021-11-17,0.6341
2021-11-18,0.6535
2021-11-22,0.5604
2021-11-23,0.6916
2021-11-24,0.7024
2021-11-25,0.974
2021-11-26,0.6463
2021-11-29,0.7417
2021-11-30,0.7421
2021-12-01,0.9045
2021-12-02,1.0191
2021-12-03,0.767
2021-12-06,0.6514
2021-12-07,0.8902
2021-12-08,1.0685
2021-12-09,0.9546
2021-12-10,0.9507
2021-12-13,0.7304
2021-12-14,0.7309
2021-12-15,0.6953
2021-12-16,0.7455
2021-12-17,0.6391
2021-12-20,0.5956
2021-12-21,0.6989
2021-12-22,0.8228
2021-12-23,0.7981
2021-12-24,0.7897
2021-12-27,0.9802
2021-12-28,0.9943
2021-12-29,0.8876
2021-12-30,1.0171
2021-12-31,1.106
2022-01-03,1.2758
2022-01-04,1.2782
2022-01-05,1.3059
2022-01-06,0.987
2022-01-07,0.9383
2022-01-10,1.0949
2022-01-11,1.0485
2022-01-12,1.0569
2022-01-13,0.9553
2022-01-14,0.9191
2022-01-17,0.8885
2022-01-18,0.7685
2022-01-19,0.6862
2022-01-20,0.7177
2022-01-21,0.6998
2022-01-24,0.569
2022-01-25,0.7849
2022-01-27,0.8902
2022-01-28,0.7551
2022-01-31,0.745
2022-02-01,0.788
2022-02-02,0.9849
2022-02-03,0.7865
2022-02-04,0.7185
2022-02-07,0.607
2022-02-08,0.6484
2022-02-09,0.8347
2022-02-10,0.9
2022-02-11,0.8106
2022-02-14,0.6323
2022-02-15,0.8353
2022-02-16,0.7765
2022-02-17,0.7727
2022-02-18,0.8117
2022-02-21,0.8493
2022-02-22,0.8173
2022-02-23,0.7625
2022-02-24,0.8141
2022-02-25,0.8882
2022-02-28,0.9199
2022-03-02,0.7258
2022-03-03,0.811
2022-03-04,0.7139
2022-03-07,0.5711
2022-03-08,0.6443
2022-03-09,0.7928
2022-03-10,0.7892
2022-03-11,0.7926
2022-03-14,0.9207
2022-03-15,0.7733
2022-03-16,0.899
2022-03-17,0.9617
2022-03-21,0.74
2022-03-22,0.8469
2022-03-23,0.7004
2022-03-24,0.7864
2022-03-25,0.7529
2022-03-28,0.7854
2022-03-29,0.8616
2022-03-30,0.9888
2022-03-31,0.8878
2022-04-01,1.0967
2022-04-04,1.1964
2022-04-05,0.9005
2022-04-06,0.7702
2022-04-07,0.7418
2022-04-08,0.8101
2022-04-11,0.7398
2022-04-12,0.7316
2022-04-13,0.7238
2022-04-18,0.6203
2022-04-19,0.5678
2022-04-20,0.657
2022-04-21,0.7861
2022-04-22,0.6725
2022-04-25,0.7055
2022-04-26,0.7892
2022-04-27,0.7432
2022-04-28,1.03
2022-04-29,0.7828
2022-05-02,0.8236
2022-05-04,0.578
2022-05-05,0.7088
2022-05-06,0.6416
2022-05-09,0.6647
2022-05-10,0.6675
2022-05-11,0.6683
2022-05-12,0.6027
2022-05-13,0.5885
2022-05-16,0.6444
2022-05-17,0.9204
2022-05-18,0.7578
2022-05-19,0.6424
2022-05-20,0.8612
2022-05-23,0.8219
2022-05-24,0.7893
2022-05-25,0.6941
2022-05-26,0.9884
2022-05-27,1.0381
2022-05-30,1.0504
2022-05-31,0.9025
2022-06-01,0.8212
2022-06-02,0.9213
2022-06-03,0.7659
2022-06-06,0.7842
2022-06-07,0.6894
2022-06-08,0.6644
2022-06-09,0.9229
2022-06-10,0.7357
2022-06-13,0.6272
2022-06-14,0.6418
2022-06-15,0.6816
2022-06-16,0.6355
2022-06-17,0.6748
2022-06-20,0.7061
2022-06-21,0.8986
2022-06-22,0.7454
2022-06-23,0.7917
2022-06-24,0.8614
2022-06-27,0.8531
2022-06-28,0.8334
2022-06-29,0.8509
2022-06-30,0.9878
2022-07-01,1.0134
2022-07-04,1.0233
2022-07-05,0.8716
2022-07-06,1.1817
2022-07-07,1.0314
2022-07-08,1.0073
2022-07-11,1.0868
2022-07-12,0.8109
2022-07-13,0.7287
2022-07-14,0.8462
2022-07-15,0.9152
2022-07-18,1.0834
2022-07-19,1.1563
2022-07-20,1.1179
2022-07-21,1.0505
2022-07-22,1.1037
2022-07-25,0.9887
2022-07-26,0.8635
2022-07-27,1.0872
2022-07-28,1.1385
2022-07-29,1.0715
2022-08-01,1.2272
2022-08-02,1.1621
2022-08-03,1.0459
2022-08-04,0.9012
2022-08-05,0.8835
2022-08-08,1.0822
2022-08-10,1.0211
2022-08-11,1.0115
2022-08-12,1.0193
2022-08-16,1.0168
2022-08-17,1.1112
2022-08-18,1.0168
2022-08-19,0.7342
2022-08-22,0.6779
2022-08-23,0.8423
2022-08-24,0.9075
2022-08-25,0.8715
2022-08-26,0.8186
2022-08-29,0.8295
2022-08-30,1.2298
2022-09-01,0.9053
2022-09-02,0.8813
2022-09-05,1.0201
2022-09-06,0.8897
2022-09-07,0.8527
2022-09-08,0.9847
2022-09-09,0.898
2022-09-12,0.9525
2022-09-13,1.0769
2022-09-14,1.0807
2022-09-15,0.8237
2022-09-16,0.6811
2022-09-19,0.7772
2022-09-20,0.9199
2022-09-21,0.8003
2022-09-22,0.7544
2022-09-23,0.6122
2022-09-26,0.5912
2022-09-27,0.5881
2022-09-28,0.6098
2022-09-29,0.8182
2022-09-30,1.0357
2022-10-03,0.7615
2022-10-04,1.0351
2022-10-06,0.8776
2022-10-07,0.8423
2022-10-10,0.9121
2022-10-11,0.6751
2022-10-12,0.8681
2022-10-13,0.7994
2022-10-14,0.7725
2022-10-17,1.0272
2022-10-18,1.02
2022-10-19,0.9623
2022-10-20,0.9104
2022-10-21,0.9147
2022-10-24,1.0369
2022-10-25,0.8962
2022-10-27,0.981
2022-10-28,0.8785
2022-10-31,1.0445
2022-11-01,0.9864
2022-11-02,0.8973
2022-11-03,1.0041
2022-11-04,0.9285
2022-11-07,0.9508
2022-11-09,0.8498
2022-11-10,0.8562
2022-11-11,0.9981
2022-11-14,0.8873
2022-11-15,1.0674
2022-11-16,1.0436
2022-11-17,0.852
2022-11-18,0.7846
2022-11-21,0.7641
2022-11-22,0.8945
2022-11-23,0.9215
2022-11-24,1.2266
2022-11-25,0.9753
2022-11-28,1.0098
2022-11-29,0.9867
2022-11-30,1.1874
2022-12-01,0.9824
2022-12-02,0.8154
2022-12-05,0.8863
2022-12-06,0.8171
2022-12-07,0.725
2022-12-08,0.9224
2022-12-09,0.7558
2022-12-12,0.8807
2022-12-13,1.0027
2022-12-14,0.9542
2022-12-15,0.7251
2022-12-16,0.7056
2022-12-19,0.8666
2022-12-20,0.8422
2022-12-21,0.5843
2022-12-22,0.6974
2022-12-23,0.6303
2022-12-26,0.9147
2022-12-27,1.0091
2022-12-28,0.9862
2022-12-29,1.2291
2022-12-30,0.8106
2023-01-02,0.9142
2023-01-03,0.9934
2023-01-04,0.6588
2023-01-05,0.7751
2023-01-06,0.6498
2023-01-09,0.7934
2023-01-10,0.6349
2023-01-11,0.7381
2023-01-12,0.7621
2023-01-13,0.8993
2023-01-16,0.6978
2023-01-17,0.8866
2023-01-18,1.0634
2023-01-19,0.8785
2023-01-20,0.7872
2023-01-23,0.8493
2023-01-24,0.7451
2023-01-25,0.7486
2023-01-27,0.6192
2023-01-30,0.6762
2023-01-31,0.7245
2023-02-01,0.6219
2023-02-02,0.7688
2023-02-03,0.9971
2023-02-06,0.8436
2023-02-07,0.7982
2023-02-08,0.9574
2023-02-09,0.871
2023-02-10,0.8662
2023-02-13,0.7088
2023-02-14,0.9438
2023-02-15,1.0509
2023-02-16,0.8027
2023-02-17,0.6923
2023-02-20,0.6171
2023-02-21,0.6954
2023-02-22,0.5961
2023-02-23,0.8097
2023-02-24,0.7017
2023-02-27,0.8214
2023-02-28,0.7196
2023-03-01,0.9408
2023-03-02,0.7662
2023-03-03,1.0923
2023-03-06,0.9745
2023-03-08,1.1404
2023-03-09,0.8186
2023-03-10,0.7242
2023-03-13,0.5871
2023-03-14,0.6272
2023-03-15,0.5931
2023-03-16,0.7296
2023-03-17,0.7896
2023-03-20,0.7342
2023-03-21,0.8429
2023-03-22,0.837
2023-03-23,0.722
2023-03-24,0.7029
2023-03-27,0.753
2023-03-28,0.7894
2023-03-29,0.9834
2023-03-31,1.203
2023-04-03,1.1343
2023-04-05,1.2275
2023-04-06,0.9512
2023-04-10,0.8542
2023-04-11,1.1123
2023-04-12,1.1802
2023-04-13,1.1227
2023-04-17,0.9208
2023-04-18,0.832
2023-04-19,0.8202
2023-04-20,0.8959
2023-04-21,0.8133
2023-04-24,1.095
2023-04-25,1.012
2023-04-26,1.1375
2023-04-27,1.1036
2023-04-28,1.2067
2023-05-02,1.0212
2023-05-03,0.9878
2023-05-04,1.1662
2023-05-05,0.6848
2023-05-08,0.9305
2023-05-09,0.8378
2023-05-10,0.9514
2023-05-11,1.012
2023-05-12,1.0949
2023-05-15,1.1947
2023-05-16,0.8852
2023-05-17,0.7795
2023-05-18,0.8189
2023-05-19,0.9317
2023-05-22,0.9353
2023-05-23,0.9929
2023-05-24,0.8372
2023-05-25,0.9583
2023-05-26,1.195
2023-05-29,1.1237
2023-05-30,1.1747
2023-05-31,0.8697
2023-06-01,0.799
2023-06-02,0.8214
2023-06-05,0.8677
2023-06-06,0.9204
2023-06-07,1.0773
2023-06-08,0.8267
2023-06-09,0.7539
2023-06-12,0.7887
2023-06-13,0.9293
2023-06-14,0.905
2023-06-15,0.8085
2023-06-16,1.0163
2023-06-19,0.822
2023-06-20,0.9386
2023-06-21,0.9681
2023-06-22,0.8667
2023-06-23,0.8139
2023-06-26,0.8206
2023-06-27,1.1459
2023-06-28,1.2502
2023-06-30,1.3475
2023-07-03,1.2164
2023-07-04,1.2732
2023-07-05,1.1226
2023-07-06,1.1011
2023-07-07,0.7696
2023-07-10,0.7878
2023-07-11,0.8306
2023-07-12,0.7595
2023-07-13,0.8536
2023-07-14,0.9768
2023-07-17,1.2789
2023-07-18,1.0289
2023-07-19,1.09
2023-07-20,1.1315
2023-07-21,0.8955
2023-07-24,0.8074
2023-07-25,0.7553
2023-07-26,0.856
2023-07-27,0.7592
2023-07-28,0.7328
2023-07-31,0.8729
2023-08-01,0.837
2023-08-02,0.6672
2023-08-03,0.7336
2023-08-04,0.8308
2023-08-07,0.8582
2023-08-08,0.8484
2023-08-09,0.8469
2023-08-10,0.8008
2023-08-11,0.6996
2023-08-14,0.7979
2023-08-16,0.866
2023-08-17,0.7878
2023-08-18,0.7776
2023-08-21,0.8919
2023-08-22,0.7949
2023-08-23,1.0292
2023-08-24,0.7937
2023-08-25,0.7462
2023-08-28,0.9142
2023-08-29,0.8533
2023-08-30,0.7016
2023-08-31,0.8962
2023-09-01,1.1052
2023-09-04,1.1169
2023-09-05,1.0211
2023-09-06,1.0487
2023-09-07,1.1605
2023-09-08,1.1681
2023-09-11,1.2406
2023-09-12,1.0142
2023-09-13,1.0711
2023-09-14,0.967
2023-09-15,1.0164
2023-09-18,0.8464
2023-09-20,0.7326
2023-09-21,0.7285
2023-09-22,0.7167
2023-09-25,0.794
2023-09-26,0.7757
2023-09-27,0.8749
2023-09-28,0.7942
2023-09-29,0.9077
2023-10-03,0.8093
2023-10-04,0.8449
2023-10-05,0.8653
2023-10-06,0.9058
2023-10-09,0.778
2023-10-10,1.0754
2023-10-11,1.0007
2023-10-12,0.94
2023-10-13,0.8575
2023-10-16,0.835
2023-10-17,0.8142
2023-10-18,0.7191
2023-10-19,0.7562
2023-10-20,0.7351
2023-10-23,0.5792
2023-10-25,0.5784
2023-10-26,0.7715
2023-10-27,0.899
2023-10-30,1.0792
2023-10-31,0.8466
2023-11-01,0.8066
2023-11-02,0.8673
2023-11-03,0.8984
2023-11-06,1.0272
2023-11-07,1.0447
2023-11-08,0.8779
2023-11-09,0.8843
2023-11-10,0.9388
2023-11-13,0.9097
2023-11-15,1.0061
2023-11-16,0.9359
2023-11-17,0.7609
2023-11-20,0.7429
2023-11-21,0.7804
2023-11-22,0.8883
2023-11-23,0.882
2023-11-24,0.9048
2023-11-28,1.0514
2023-11-29,1.3206
2023-11-30,1.0299
2023-12-01,1.0487
2023-12-04,1.3864
2023-12-05,1.1344
2023-12-06,1.0097
2023-12-07,1.0224
2023-12-08,1.0726
2023-12-11,0.968
2023-12-12,0.8152
2023-12-13,0.8695
2023-12-14,0.9932
2023-12-15,1.0841
2023-12-18,0.885
2023-12-19,0.9101
2023-12-20,0.6657
2023-12-21,0.9618
2023-12-22,0.8914
2023-12-26,1.0353
2023-12-27,1.238
2023-12-28,1.0539
2023-12-29,0.8997
2024-01-01,0.9023
2024-01-02,0.6792
2024-01-03,0.7671
2024-01-04,1.0287
2024-01-05,0.8132
2024-01-08,0.6385
2024-01-09,0.6453
2024-01-10,0.8904
2024-01-11,0.8388
2024-01-12,1.0376
2024-01-15,1.132
2024-01-16,0.9226
2024-01-17,0.6446
2024-01-18,0.6878
2024-01-19,0.6745
2024-01-23,0.5885
2024-01-24,0.6999
2024-01-25,0.8006
2024-01-29,0.9248
2024-01-30,0.7429
2024-01-31,0.8159
2024-02-01,0.8035
2024-02-02,0.7928
2024-02-05,0.7119
2024-02-06,0.7935
2024-02-07,0.8665
2024-02-08,0.7076
2024-02-09,0.8283
2024-02-12,0.6472
2024-02-13,0.8766
2024-02-14,0.9872
2024-02-15,0.966
2024-02-16,0.9951
2024-02-19,1.0016
2024-02-20,1.129
2024-02-21,0.7757
2024-02-22,0.8554
2024-02-23,0.8092
2024-02-26,0.7571
2024-02-27,0.8071
2024-02-28,0.6205
2024-02-29,0.9007
2024-03-01,1.1789
2024-03-04,1.1215
2024-03-05,1.0999
2024-03-06,1.0653
2024-03-07,0.9229
2024-03-11,0.7411
2024-03-12,0.755
2024-03-13,0.6629
2024-03-14,0.7959
2024-03-15,0.757
2024-03-18,0.775
2024-03-19,0.6748
2024-03-20,0.7442
2024-03-21,0.8726
2024-03-22,0.9854
2024-03-26,0.879
2024-03-27,0.9687
2024-03-28,1.0048
2024-04-01,1.0184
2024-04-02,0.9248
2024-04-03,0.9183
2024-04-04,0.9807
2024-04-05,1.0761
2024-04-08,1.1177
2024-04-09,1.0218
2024-04-10,1.0035
2024-04-12,0.7576
2024-04-15,0.657
2024-04-16,0.7187
2024-04-18,0.7139
2024-04-19,0.874
2024-04-22,0.9505
2024-04-23,0.8849
2024-04-24,0.908
2024-04-25,1.1356
2024-04-26,0.8886
2024-04-29,1.2527
2024-04-30,1.0115
2024-05-02,0.9759
2024-05-03,0.7693
2024-05-06,0.7469
2024-05-07,0.6689
2024-05-08,0.7433
2024-05-09,0.733
2024-05-10,0.7631
2024-05-13,0.8588
2024-05-14,0.862
2024-05-15,0.8204
2024-05-16,0.9355
2024-05-17,0.981
2024-05-21,0.8905
2024-05-22,0.9634
2024-05-23,1.093
2024-05-24,0.995
2024-05-27,0.9164
2024-05-28,0.8383
2024-05-29,0.7638
2024-05-30,0.9731
2024-05-31,0.8809
2024-06-03,0.8691
2024-06-04,0.6141
2024-06-05,0.7292
2024-06-06,0.8054
2024-06-07,0.9203
2024-06-10,0.811
2024-06-11,0.8681
2024-06-12,0.9098
2024-06-13,0.9164
2024-06-14,1.0177
2024-06-18,1.0772
2024-06-19,1.0063
2024-06-20,1.0525
2024-06-21,0.9144
2024-06-24,1.0382
2024-06-25,1.2633
2024-06-26,1.1134
2024-06-27,1.144
2024-06-28,0.8991
2024-07-01,1.0133
2024-07-02,0.9103
2024-07-03,1.0948
2024-07-04,1.0375
2024-07-05,0.9175
2024-07-08,0.8664
2024-07-09,0.9202
2024-07-10,0.8535
2024-07-11,0.9552
2024-07-12,0.9704
2024-07-15,1.0861
2024-07-16,1.0201
2024-07-18,1.0188
2024-07-19,0.8278
2024-07-22,0.8189
2024-07-23,0.7073
2024-07-24,0.7931
2024-07-25,0.9287
2024-07-26,1.0919
2024-07-29,0.8937
2024-07-30,0.9728
2024-07-31,1.1098
2024-08-01,0.9125
2024-08-02,0.7782
2024-08-05,0.664
2024-08-06,0.6423
2024-08-07,0.8235
2024-08-08,0.8512
2024-08-09,0.891
2024-08-12,0.8956
2024-08-13,0.679
2024-08-14,0.8388
2024-08-16,1.0286
2024-08-19,0.8898
2024-08-20,1.0173
2024-08-21,1.0059
2024-08-22,0.9814
2024-08-23,0.9315
2024-08-26,0.98
2024-08-27,0.9667
2024-08-28,1.0204
2024-08-29,1.0641
2024-08-30,1.124
2024-09-02,0.9961
2024-09-03,1.0669
2024-09-04,0.9684
2024-09-05,0.9949
2024-09-06,0.7314
2024-09-09,0.858
2024-09-10,0.9214
2024-09-11,0.8044
2024-09-12,1.1173
2024-09-13,1.0801
2024-09-16,1.0536
2024-09-17,1.0605
2024-09-18,0.9543
2024-09-19,0.9372
2024-09-20,1.1987
2024-09-23,1.2134
2024-09-24,1.1211
2024-09-25,1.1217
2024-09-26,1.1687
2024-09-27,0.9442
2024-09-30,0.7287
2024-10-01,0.7975
2024-10-03,0.7607
2024-10-04,0.6309
2024-10-07,0.6177
2024-10-08,0.7067
2024-10-09,0.7211
2024-10-10,0.8527
2024-10-11,0.7484
2024-10-14,0.8563
2024-10-15,0.7642
2024-10-16,0.7269
2024-10-17,0.7275
2024-10-18,0.8875
2024-10-21,0.7579
2024-10-22,0.632
2024-10-23,0.7322
2024-10-24,0.8241
2024-10-25,0.7165
2024-10-28,0.8039
2024-10-29,0.9882
2024-10-30,0.831
2024-10-31,0.8451
2024-11-01,0.8547
2024-11-04,0.7578
2024-11-05,0.9337
2024-11-06,0.9127
2024-11-07,0.806
2024-11-08,0.7701
2024-11-11,0.8282
2024-11-12,0.6577
2024-11-13,0.7015
2024-11-14,0.7867
2024-11-18,0.8003
2024-11-19,0.7867
2024-11-21,0.8271
2024-11-22,1.0551
2024-11-25,1.052
2024-11-26,0.9967
2024-11-27,1.0143
2024-11-28,0.9105
2024-11-29,0.9947
2024-12-02,1.0962
2024-12-03,1.1581
2024-12-04,1.07
2024-12-05,1.0777
2024-12-06,0.968
2024-12-09,0.8692
2024-12-10,0.8437
2024-12-11,0.8406
2024-12-12,0.8783
2024-12-13,0.9606
2024-12-16,0.8423
2024-12-17,0.6427
2024-12-18,0.5461
2024-12-19,0.6842
2024-12-20,0.6471
2024-12-23,0.7045
2024-12-24,0.849
2024-12-26,1.0354
2024-12-27,0.9711
2024-12-30,0.8874
2024-12-31,0.9359
2025-01-01,0.9675
2025-01-02,1.0161
2025-01-03,0.8565
2025-01-06,0.7569
2025-01-07,0.7983
2025-01-08,0.787
2025-01-09,0.7727
2025-01-10,0.7294
2025-01-13,0.6672
2025-01-14,0.7258
2025-01-15,0.7101
2025-01-16,0.7305
2025-01-17,0.6977
2025-01-20,0.7655
2025-01-21,0.6598
2025-01-22,0.6937
2025-01-23,0.6946
2025-01-24,0.6581
2025-01-27,0.6301
2025-01-28,0.774
2025-01-29,0.8561
2025-01-30,0.8719
2025-01-31,0.8786
2025-02-03,0.7803
2025-02-04,0.9298
2025-02-05,0.8482
2025-02-06,0.7751
2025-02-07,0.7297
2025-02-10,0.6848
2025-02-11,0.64
2025-02-12,0.6676
2025-02-13,0.6812
2025-02-14,0.6354
2025-02-17,0.6846
2025-02-18,0.6698
2025-02-19,0.6841
2025-02-20,0.6959
2025-02-21,0.6647
2025-02-24,0.6544
2025-02-25,0.6993
2025-02-27,0.9379
2025-02-28,0.7961
2025-03-03,0.8089
2025-03-04,0.8482
2025-03-05,0.9675
2025-03-06,0.974
2025-03-07,0.9502
2025-03-10,0.8465
2025-03-11,0.9323
2025-03-12,0.8683
2025-03-13,0.8551
2025-03-17,0.8959
2025-03-18,1.0525
2025-03-19,1.0343
2025-03-20,0.9837
2025-03-21,1.0213
2025-03-24,1.0633
2025-03-25,0.9456
2025-03-26,0.8656
2025-03-27,0.9272
2025-03-28,0.8681
2025-04-01,0.7572
2025-04-02,0.8849
2025-04-03,0.905
2025-04-04,0.7237
2025-04-07,0.6962
2025-04-08,0.7558
2025-04-09,0.7544
2025-04-11,0.7938
2025-04-15,0.8212
2025-04-16,0.8566
2025-04-17,0.9216
2025-04-21,0.9638
2025-04-22,0.954
2025-04-23,0.9644
2025-04-24,0.9514
2025-04-25,0.8614
2025-04-28,1.0487
2025-04-29,0.8888
2025-04-30,0.9418
2025-05-02,0.8481
2025-05-05,0.8786
2025-05-06,0.8402
2025-05-07,0.8681
2025-05-08,0.8537
2025-05-09,0.8021
2025-05-12,0.979
2025-05-13,0.781
2025-05-14,0.7969
2025-05-15,0.8881
2025-05-16,0.8212
2025-05-19,0.7557
2025-05-20,0.6753
2025-05-21,0.7364
2025-05-22,0.7431
2025-05-23,0.827
2025-05-26,0.839
2025-05-27,0.7547
2025-05-28,0.7331
2025-05-29,0.8117
2025-05-30,0.758
2025-06-02,0.7749
2025-06-03,0.6552
2025-06-04,0.7026
2025-06-05,0.7887
2025-06-06,0.863
2025-06-09,0.8553
2025-06-10,0.8294
2025-06-11,0.8243
2025-06-12,0.7292
2025-06-13,0.7109
2025-06-16,0.8193
2025-06-17,0.7443
2025-06-18,0.6907
2025-06-19,0.7111
2025-06-20,0.8317
2025-06-23,0.8123
2025-06-24,0.759
2025-06-25,0.9058
2025-06-26,1.0899
2025-06-27,1.0604
2025-06-30,0.8055
2025-07-01,0.8398
2025-07-02,0.765
2025-07-03,0.8264
2025-07-04,0.8114
2025-07-07,0.8135
2025-07-08,0.8529
2025-07-09,0.772
2025-07-10,0.7714
2025-07-11,0.6905
2025-07-14,0.6707
2025-07-15,0.749
2025-07-16,0.7712
2025-07-17,0.7219
2025-07-18,0.6737
2025-07-21,0.7529
2025-07-22,0.7088
2025-07-23,0.8538
2025-07-24,0.7112
2025-07-25,0.6359
2025-07-28,0.6027
2025-07-29,0.6893
2025-07-30,0.7316
2025-07-31,0.9233
2025-08-01,0.7439
2025-08-04,0.8403
2025-08-05,0.774
2025-08-06,0.7195
2025-08-07,0.8279
2025-08-08,0.648
2025-08-11,0.8393
2025-08-12,0.7172
2025-08-13,0.8768
2025-08-14,0.7768
2025-08-18,0.8198
2025-08-19,0.9056
2025-08-20,0.9697
2025-08-21,0.8295
2025-08-22,0.6852
2025-08-25,0.7516
2025-08-26,0.6735
2025-08-28,0.8592
2025-08-29,0.7406
2025-09-01,1.0109
2025-09-02,0.8733
2025-09-03,0.9972
2025-09-04,0.8017
2025-09-05,0.8181
2025-09-08,0.8762
2025-09-09,0.8799
2025-09-10,0.9427
2025-09-11,0.9626
2025-09-12,1.0222
2025-09-15,0.923
2025-09-16,0.9354
2025-09-17,0.9345
2025-09-18,0.9292
2025-09-19,0.8311
2025-09-22,0.7126
2025-09-23,0.8017
2025-09-24,0.7458
2025-09-25,0.6675
2025-09-26,0.6291
2025-09-29,0.7015
2025-09-30,0.8517
2025-10-01,1.007
2025-10-03,1.0118
2025-10-06,1.0855
2025-10-07,0.8557
2025-10-08,0.7482
2025-10-09,0.8829
2025-10-10,1.0148
2025-10-13,0.8945
2025-10-14,0.7566
2025-10-15,0.9099
2025-10-16,1.0073
2025-10-17,0.9442
2025-10-20,0.863
2025-10-21,0.8586
2025-10-23,0.8354
2025-10-24,0.7312
2025-10-27,0.9276
2025-10-28,0.8862
2025-10-29,0.9652
2025-10-30,0.7422
2025-10-31,0.6636
2025-11-03,0.7495
2025-11-04,0.7742
2025-11-06,0.7069
2025-11-07,0.7941
2025-11-10,0.822
2025-11-11,0.7957
2025-11-12,0.8712
2025-11-13,0.8386
2025-11-14,0.7788
2025-11-17,0.8911
2025-11-18,0.7857
2025-11-19,0.8988
2025-11-20,0.9866
2025-11-21,0.8188
2025-11-24,0.7249
2025-11-25,0.8776
2025-11-26,1.161
2025-11-27,1.0041
2025-11-28,0.9897
2025-12-01,0.8414
2025-12-02,0.8272
2025-12-03,0.7775
2025-12-04,0.8111
2025-12-05,0.9587
2025-12-08,0.6479
2025-12-09,0.7328
2025-12-10,0.6708
2025-12-11,0.7779
2025-12-12,0.8822
2025-12-15,0.9076
2025-12-16,0.7187
2025-12-17,0.6794
2025-12-18,0.7139
2025-12-19,0.8573
2025-12-22,0.9894
2025-12-23,0.8287
2025-12-24,0.7927
2025-12-26,0.7061
2025-12-29,0.6691
2025-12-30,0.8533
2025-12-31,1.051
